ano,mes,consumo_mwh,consumo_kwh_uc_corrigido,numero_uc
1994,12,76256.101,404.3406038694496,105651.0
1995,1,81750.261,445.93803013219343,106649.0
1995,2,79815.154,454.3507132748206,107584.0
1995,3,85568.73300000001,475.40452184284186,108250.0
1995,4,81782.544,462.59196253528995,108797.0
1995,5,75660.423,432.3018054929167,109428.0
1995,6,73204.902,411.90159214423136,110034.0
1995,7,74658.665,414.4647314359874,110647.0
1995,8,73560.068,410.5800609078371,111243.0
1995,9,76355.848,423.5284535098691,111687.0
1995,10,78822.982,421.35725547182705,112161.0
1995,11,80522.6,424.1681351648514,112764.0
1995,12,85237.746,431.51094127453575,113362.0
1996,1,93252.181,474.1130484505826,114068.0
1996,2,88585.096,465.0017180333347,114660.0
1996,3,93113.946,480.0790996818837,115204.0
1996,4,90757.734,491.00771232794364,115632.0
1996,5,87328.597,468.25681048103536,116202.0
1996,6,79044.482,427.15350716767233,116700.0
1996,7,80782.795,425.52012929334296,117179.0
1996,8,78036.466,406.9422798441545,117628.0
1996,9,79087.733,424.6557375304967,111651.0
1996,10,80307.221,443.5424336240445,111915.0
1996,11,84268.53,437.66444171234934,112610.0
1996,12,91060.732,465.4595144317613,112989.0
1997,1,99753.068,497.1577134236057,113424.0
1997,2,97176.367,494.9024745197619,113699.0
1997,3,103214.1,493.0919591432938,114143.0
1997,4,96715.406,473.84565673092015,114583.0
1997,5,92750.334,466.09735830384335,114920.0
1997,6,87649.345,445.9992889871225,115273.0
1997,7,87304.438,437.7141926120139,115347.0
1997,8,87430.631,436.66891067858404,115655.0
1997,9,92423.056,437.1609686717744,116233.0
1997,10,93727.14,451.8141886670148,116735.0
1997,11,94993.033,454.4632523289205,117260.0
1997,12,103060.201,467.51306199396697,119400.0
1998,1,96775.559,521.9521963914133,120407.0
1998,2,74477.37,500.52773011255323,120806.0
1998,3,99257.081,516.7349589041776,121312.0
1998,4,106034.691,499.4360435730015,121792.0
1998,5,101290.068,495.69783910855773,122191.0
1998,6,97354.653,471.62098444579635,122434.0
1998,7,93728.447,445.1216376411664,122576.0
1998,8,96072.024,447.45315553681047,122681.0
1998,9,97469.919,455.8130568960963,122880.0
1998,10,100275.858,458.1775241269573,123266.0
1998,11,104608.703,477.2281389041253,123852.0
1998,12,110063.579,475.9734781476792,124423.0
1999,1,113398.213,537.0142243914468,124954.0
1999,2,88897.093,493.6800679021487,125457.0
1999,3,74375.58,529.804248245433,125758.0
1999,4,114103.232,528.7196742772695,126118.0
1999,5,107626.27799999999,494.093660094517,126390.0
1999,6,100415.841,457.98020635204136,126706.0
1999,7,102138.279,461.6388748923597,126923.0
1999,8,103309.405,463.48696089246016,127432.0
1999,9,107338.105,480.9300718395053,127980.0
1999,10,107179.65,473.379171290689,128403.0
1999,11,108375.406,475.35428543915464,128694.0
1999,12,121054.928,502.24391208906604,129529.0
2000,1,81134.037,527.1346619883188,130327.0
2000,2,77875.895,527.9564511902986,130952.0
2000,3,63046.071,526.0801805786957,131375.0
2000,4,102723.899,522.8440989482859,131869.0
2000,5,118615.404,521.2103296162893,132202.0
2000,6,114605.75,486.9164277837331,132559.0
2000,7,113604.491,489.0443295451412,133033.0
2000,8,111200.389,469.4619913259279,133500.0
2000,9,110356.669,480.37647827140927,133885.0
2000,10,110726.414,484.83911768174505,134497.0
2000,11,114818.141,499.3309909104076,135122.0
2000,12,93453.42,506.7506383052991,135888.0
2001,1,99551.711,541.1560657281425,136496.0
2001,2,68888.576,541.8981532165114,136927.0
2001,3,67661.172,562.4111888356086,137340.0
2001,4,70899.344,561.7241520803456,137670.0
2001,5,125571.46,541.0471240505402,138064.0
2001,6,111936.901,492.272326678448,138612.0
2001,7,113388.516,471.988562301141,138973.0
2001,8,107914.105,476.2683108270007,139369.0
2001,9,116997.287,488.8013402535359,139639.0
2001,10,115764.167,472.3812077551901,140004.0
2001,11,120004.119,494.8321110470306,140315.0
2001,12,111975.007,517.0311117670885,140957.0
2002,1,109473.50200000001,523.2665619028849,141481.0
2002,2,91029.774,538.1288264904111,141642.0
2002,3,105907.427,541.9315166946965,141963.0
2002,4,86743.232,577.3561490134282,142292.0
2002,5,116226.465,542.1540140149934,142574.0
2002,6,121518.659,515.6910843105615,142866.0
2002,7,116469.516,493.36352326759834,142974.0
2002,8,114674.634,478.02007752099956,143350.0
2002,9,113009.574,475.82254504901067,143688.0
2002,10,124742.621,505.05139580679855,144070.0
2002,11,126035.866,515.795747770185,144560.0
2002,12,120911.916,529.136785149415,145128.0
2003,1,94581.124,565.8899043149445,145437.0
2003,2,79518.873,579.773072279931,145743.0
2003,3,72028.341,571.2760743462735,145943.0
2003,4,121487.838,549.1413481069621,145943.0
2003,5,134165.55,569.9681165217071,146268.0
2003,6,121500.894,514.2618021582509,146780.0
2003,7,120904.3,511.8484331301094,146992.0
2003,8,118339.448,500.9663817942495,147256.0
2003,9,115784.315,468.9219115482441,147642.0
2003,10,128177.634,520.7354375687462,147959.0
2003,11,129357.91,536.5040997744786,148453.0
2003,12,126314.45999999999,542.3495298413853,148960.0
2004,1,96350.11,567.039538447545,149545.0
2004,2,83227.49,563.6003734112578,149675.0
2004,3,79792.995,580.4291587026273,150002.0
2004,4,131355.091,585.6494297360431,150237.0
2004,5,137786.295,553.6453338816461,150524.0
2004,6,123509.742,514.3092078605732,150815.0
2004,7,126191.191,513.6584145691141,151263.0
2004,8,127406.789,508.3474629844477,151746.0
2004,9,128987.7,521.0257923340374,152412.0
2004,10,132594.646,528.3084682817765,153020.0
2004,11,139461.662,551.1562603981968,153458.0
2004,12,113383.533,566.8291376498236,154125.0
2005,1,85978.99,574.942397459507,154823.0
2005,2,82189.513,589.478765893561,155125.0
2005,3,88339.38799999999,591.867913621244,155370.0
2005,4,93241.262,619.8084796792471,155896.0
2005,5,133702.373,572.3395141801502,156422.0
2005,6,144652.899,558.8273063556964,156882.0
2005,7,142980.955,548.2088795202734,157376.0
2005,8,139331.002,538.7149653727479,158094.0
2005,9,141298.576,548.3747472579862,158550.0
2005,10,141618.297,539.8774611164254,158974.0
2005,11,148098.313,559.238137676751,159534.0
2005,12,121962.909,602.684952178153,160304.0
2006,1,110062.06300000001,589.3829681968407,160847.0
2006,2,88234.857,636.1689303695114,161147.0
2006,3,89911.439,639.5978685596635,161400.0
2006,4,97855.645,626.2703609907123,161848.0
2006,5,142193.958,543.9907034356439,162023.0
2006,6,144884.304,559.7956316169168,162264.0
2006,7,141649.813,550.182134024535,162418.0
2006,8,144242.994,551.205444250825,162657.0
2006,9,144999.886,566.9183980858081,163105.0
2006,10,143926.666,547.7412327224538,163639.0
2006,11,143814.737,610.5456067543554,164218.0
2006,12,125569.907,605.6024911313311,164635.0
2007,1,92763.462,640.987837326001,165256.0
2007,2,93565.694,661.4912253473218,165652.0
2007,3,96198.26,660.1954276750906,166033.0
2007,4,101236.026,680.9198467168072,166801.0
2007,5,102723.547,654.5650301824477,166661.0
2007,6,144590.092,557.6306914654749,166748.0
2007,7,135347.649,559.6462991303437,167368.0
2007,8,148879.651,583.5230424965173,168440.0
2007,9,157825.113,605.9764157835268,168838.0
2007,10,158364.504,594.2352390488824,169367.0
2007,11,155202.98,633.7569139834362,170077.0
2007,12,108472.779,628.1799447148733,170341.0
2008,1,101249.223,652.4746851372968,171583.0
2008,2,105732.335,700.0893821519485,169192.0
2008,3,101251.065,646.7691154713954,174533.0
2008,4,105215.402,664.1606185216507,172534.0
2008,5,155836.908,656.1855270882168,172940.0
2008,6,158635.0351,589.3765072544826,173314.0
2008,7,157275.484,583.5015305717458,173795.0
2008,8,151815.528,621.0477674071917,174082.0
2008,9,164277.274,601.3669672847748,174579.0
2008,10,150532.797,607.9349863015283,174983.0
2008,11,142972.849,655.1910621583539,175239.0
2008,12,155340.752,640.8388706840047,175726.0
2009,1,104842.484,675.2932525425526,177095.0
2009,2,94855.876,677.7036211688161,174102.0
2009,3,104713.596,689.3658605620244,177466.0
2009,4,107392.867,704.5285991777414,180335.0
2009,5,114478.023,677.6351514090987,178063.0
2009,6,165692.633,615.981261160585,178769.0
2009,7,163789.775,604.1418475681002,178911.0
2009,8,164870.843,614.8886065158879,179354.0
2009,9,167285.587,609.8140521785314,179704.0
2009,10,171345.955,629.0768953177264,180213.0
2009,11,112263.85800000001,679.7281956069984,180707.0
2009,12,90881.135,690.2049160473024,178459.0
2010,1,109101.599,729.7450437678444,184962.0
2010,2,88307.462,704.9270718220706,176624.0
2010,3,100275.734,735.7836801612054,188248.0
2010,4,111703.729,731.2179528679009,182674.0
2010,5,147824.383,660.886215144017,183817.0
2010,6,158194.985,655.4443938744399,184066.0
2010,7,172579.49599999998,626.3184208464567,184388.0
2010,8,177412.733,642.7312565521953,185119.0
2010,9,145973.468,659.0440360143931,185577.0
2010,10,156860.193,653.9340782610884,181709.0
2010,11,155315.892,664.3753700891333,191471.0
2010,12,115294.552,673.0294079765175,187398.0
2011,1,96517.588,730.6297058372027,188670.0
2011,2,97039.475,731.4143510541185,188876.0
2011,3,103130.157,733.1554265504598,189549.0
2011,4,120088.533,722.6897443281766,190204.0
2011,5,126320.287,683.3145697080467,190875.0
2011,6,201121.073,664.2207857914209,208113.0
2011,7,189556.927,641.3709811671971,210651.0
2011,8,196756.78443798,649.1778471124053,211334.0
2011,9,200995.184,653.0251328399735,212210.0
2011,10,161993.625,657.8664870212701,212178.0
2011,11,166384.322,658.8572462166576,212903.0
2011,12,174137.006,678.7366650204011,213588.0
2012,1,132335.565,713.5323674456639,214910.0
2012,2,117333.797,755.6334854913813,215156.0
2012,3,102659.708,771.2805551293357,215905.0
2012,4,134898.128,730.7896650159344,216575.0
2012,5,179770.398,703.4813262357184,217022.0
2012,6,188427.941,661.3385046683085,217471.0
2012,7,204171.454,648.7078177849268,218345.0
2012,8,213775.112,671.542495207799,219091.0
2012,9,194162.825,694.222400165888,220017.0
2012,10,195777.887,673.8039086884551,221050.0
2012,11,182280.51,711.0751953667694,221502.0
2012,12,140378.996,729.4688339992256,222280.0
2013,1,134094.274,758.3472467655711,223557.0
2013,2,132578.905,781.2140780589624,223819.0
2013,3,168152.044,751.1543384861709,224298.0
2013,4,189019.08,730.4012689076243,225198.0
2013,5,182369.044,713.1658912686795,225869.0
2013,6,219165.957,690.5538388559477,226424.0
2013,7,218013.591,692.3950898687095,227261.0
2013,8,215189.035,689.7546877988974,227757.0
2013,9,207167.94700000001,663.4458996681071,228622.0
2013,10,224682.834,692.1687609756681,229720.0
2013,11,187811.283,734.5006460129334,230314.0
2013,12,194328.28399999999,744.86185371304,231212.0
2014,1,123820.947,799.0542717292083,232439.0
2014,2,90040.614,829.5952616963192,232708.0
2014,3,175156.026,790.77906886136,232859.0
2014,4,187783.347,768.3855186834115,234564.0
2014,5,196483.96,759.652388094945,234762.0
2014,6,223969.18,708.6514385622389,236038.0
2014,7,217157.698,679.0126995171829,236881.0
2014,8,238926.191,742.7777653325007,237424.0
2014,9,223996.205,688.9954304024827,238406.0
2014,10,193558.706,732.1489774304149,239432.0
2014,11,192587.386,793.8091533524563,240252.0
2014,12,193489.07200000001,775.8557620025024,241014.0
2015,1,141731.658,798.0712280579218,242220.0
2015,2,128187.837,825.4716464294888,241111.0
2015,3,178681.266,781.2397543529528,242502.0
2015,4,182522.453,813.708584358922,244192.0
2015,5,236823.222,719.5140195728472,244632.0
2015,6,228668.11000000002,705.2965967678509,245393.0
2015,7,220082.028,653.6558769408331,245514.0
2015,8,229845.123,706.5157757825815,243089.0
2015,9,233524.593,684.0300934537089,247498.0
2015,10,234002.722,708.2306020886683,247993.0
2015,11,234311.602,711.2544460207783,248599.0
2015,12,221516.499,718.1385937959749,249075.0
2016,1,183656.963,779.4594298650202,250120.0
2016,2,144526.376,784.6387154908684,249806.0
2016,3,214747.676,754.7588570016318,250598.0
2016,4,203119.017,803.2428069769481,251193.0
2016,5,217442.352,717.3590363274724,251789.0
2016,6,221024.193,670.307574470966,252257.0
2016,7,229683.775,663.9214402174716,252369.0
2016,8,228141.943,654.8536129745975,253142.0
2016,9,233637.292,673.5149944956042,253408.0
2016,10,228535.367,659.9707524828922,254029.0
2016,11,249592.045093,701.8818095308326,253597.0
2016,12,255204.56969099998,713.3692433901589,254925.0
2017,1,253507.241029,778.2837073058164,255976.0
2017,2,205921.825356,805.9289289610101,246141.0
2017,3,209030.715554,822.2859310359474,257030.0
2017,4,263691.564347,772.326111350285,257383.0
2017,5,226034.20772,676.2027909187786,258255.0
2017,6,232972.046337,686.7556633951192,258639.0
2017,7,218659.134459,669.4362376080719,259241.0
2017,8,225660.029,662.0213127581693,259862.0
2017,9,235402.362,695.0277751928072,260375.0
2017,10,238090.87,677.396050750052,261059.0
2017,11,247614.639,701.1987859552005,262158.0
2017,12,259575.459,722.9873517991409,262760.0
2018,1,261313.099,763.8975900890803,263908.0
2018,2,279145.26321,797.846205641535,264140.0
2018,3,286227.61022,782.4402393093679,264890.0
2018,4,280205.75048,768.7860057240181,265906.0
2018,5,274967.53222,769.6316585868736,266582.0
2018,6,235411.31883000003,678.7847620610189,267169.0
2018,7,221543.35502,664.7053125895281,267777.0
2018,8,223341.56901,655.3471330123774,268396.0
2018,9,230129.05002,665.0881270036507,268875.0
2018,10,242224.49696000002,671.2328798502413,269852.0
2018,11,248942.81097000002,697.8313024476734,270677.0
2018,12,272100.98365,727.0564829544414,271236.0
2019,1,249748.32450000002,824.0045418042355,272462.0
2019,2,186448.92131,838.7695125431862,272580.0
2019,3,294413.31688,771.016647706704,273492.0
2019,4,287493.76447,771.9107618239417,274133.0
2019,5,265973.26127,729.6823470646376,274921.0
2019,6,242451.40878,684.6822471141293,274874.0
2019,7,230777.07563000004,657.8368767609453,275482.0
2019,8,234800.48656,665.8403920669459,276304.0
2019,9,235267.75089999998,660.412270652774,276912.0
2019,10,245973.63955000002,688.5496205590662,277629.0
2019,11,275398.30421000003,739.7347924238802,278383.0
2019,12,284611.20346000005,754.8205370350269,279572.0
2020,1,292721.23097,683.821380395203,314124.0
2020,2,283857.49671000004,820.703542680236,279839.0
2020,3,287872.05615,791.9876052573885,274757.0
2020,4,244209.55542,695.4593404370147,282420.0
2020,5,217487.98769,641.7564768431095,282038.0
2020,6,213331.84998,619.5387197641259,281718.0
2020,7,217135.86171,628.8787278768541,282081.0
2020,8,211432.83676,609.9408408046381,282661.0
2020,9,225753.25777999999,652.0672094311697,283468.0
2020,10,239119.61853,676.0016052234677,284515.0
2020,11,255147.58385,700.0453979418979,285826.0
2020,12,287521.00738,759.9896828090582,286950.0
2021,1,265634.33707,719.7495299899491,288085.0
2021,2,293889.653,740.318477550406,288629.0
2021,3,288970.62353,783.815250446422,289801.0
2021,4,296200.6689,788.9627868551761,290458.0
2021,5,253991.33018,696.1653545334754,291277.0
2021,6,239369.93278,668.0225016155674,292052.0
2021,7,241477.13629,674.3668285017872,293038.0
2021,8,242923.57698,676.518029173401,294216.0
2021,9,243971.73068,676.5497702551438,294958.0
2021,10,248185.66519,678.734265865449,296173.0
2021,11,260442.44778000002,701.1050468009196,297392.0
2021,12,292198.21469,765.0612359960022,298426.0
2022,1,307282.04782,791.4034806541133,299713.0
2022,2,290503.948,822.8925943825463,299920.0
2022,3,291161.23139,839.1747813435032,301254.0
2022,4,305328.759,788.0496786557607,301807.0
2022,5,270377.94758,729.4814542041664,302783.0
2022,6,255499.299,713.3855860184625,303361.0
2022,7,251424.46,694.5200065125267,304186.0
2022,8,258110.67388000002,693.2516820326744,307175.0
2022,9,252622.814,678.9507273956831,306211.0
2022,10,253267.46,682.9595952558918,307111.0
2022,11,268891.72578,694.3286614052757,308183.0
2022,12,302023.51,775.2996842717454,308830.0
2023,1,303781.92,766.0881888750871,310167.0
2023,2,300097.817,850.8204739989666,311050.0
2023,3,307115.259,847.5813076460513,313117.0
2023,4,316919.12152,839.2149568493699,311933.0
2023,5,291123.95,759.6137499577787,313012.0
2023,6,278517.78462,745.4913339577621,313498.0
2023,7,255516.938,685.8583337565003,316078.0
2023,8,247179.244,655.1329320731691,316189.0
2023,9,259756.03,677.4443520091278,316911.0
2023,10,282623.915,749.7140042189009,318169.0
2023,11,266044.95457,690.9507920394813,318615.0
2023,12,314137.52301,779.3395822511558,319301.0
2024,1,320389.116,828.7305308328282,321096.0
2024,2,301402.153,858.2292382452993,321150.0
2024,3,306218.24142,834.3505642558517,321931.0
2024,4,320994.077,870.0099979594764,322904.0
2024,5,299343.88655789057,739.2090970826627,318966.0
2024,6,249676.6991335932,642.109669533871,320496.0
2024,7,234175.3019478724,609.0784372809782,321162.0
2024,8,223476.5741420714,578.4008303540552,321715.0
2024,9,225070.6734711031,571.4397677071377,324078.0
2024,10,237004.28690873328,591.2293136485474,324707.0
2024,11,265911.30510740983,628.4785204369587,325561.0
2024,12,267314.26246277784,617.7250100889862,328295.0
2025,1,278076.4521548148,637.0628452533355,329602.0
2025,2,291802.1511681534,692.131970113724,329582.0
2025,3,319095.5067509436,704.9355181222053,330736.0
2025,4,298417.2736624,670.4212163760473,334065.0
2025,5,257652.68112970004,590.8114623026587,335999.0
2025,6,233742.3311133,562.3964018522597,334637.0
2025,7,221567.6081469,551.4397098224205,337216.0
2025,8,217602.0956293,533.2756310950602,339229.0
2025,9,223818.1640159,514.1510664288869,343178.0
2025,10,218005.17694373854,505.1005500677745,342632.0
2025,11,221806.49438501007,504.532148984968,342962.0
2025,12,230805.83700053408,523.6163308204772,342812.0
2026,1,270675.63053329673,590.3925940943325,345179.0
2026,2,274307.30600990745,581.1164880781627,342969.0
2026,3,298529.4447574509,640.0227506013731,346466.0
