data,consumo_mwh
1994-12-01,76256.101
1995-01-01,81750.261
1995-02-01,79815.154
1995-03-01,85568.73300000001
1995-04-01,81782.544
1995-05-01,75660.423
1995-06-01,73204.902
1995-07-01,74658.665
1995-08-01,73560.068
1995-09-01,76355.848
1995-10-01,78822.982
1995-11-01,80522.6
1995-12-01,85237.746
1996-01-01,93252.181
1996-02-01,88585.096
1996-03-01,93113.946
1996-04-01,90757.734
1996-05-01,87328.597
1996-06-01,79044.482
1996-07-01,80782.795
1996-08-01,78036.466
1996-09-01,79087.733
1996-10-01,80307.221
1996-11-01,84268.53
1996-12-01,91060.732
1997-01-01,99753.068
1997-02-01,97176.367
1997-03-01,103214.1
1997-04-01,96715.406
1997-05-01,92750.334
1997-06-01,87649.345
1997-07-01,87304.438
1997-08-01,87430.631
1997-09-01,92423.056
1997-10-01,93727.14
1997-11-01,94993.033
1997-12-01,103060.201
1998-01-01,96775.559
1998-02-01,74477.37
1998-03-01,99257.081
1998-04-01,106034.691
1998-05-01,101290.068
1998-06-01,97354.653
1998-07-01,93728.447
1998-08-01,96072.024
1998-09-01,97469.919
1998-10-01,100275.858
1998-11-01,104608.703
1998-12-01,110063.579
1999-01-01,113398.213
1999-02-01,88897.093
1999-03-01,74375.58
1999-04-01,114103.232
1999-05-01,107626.278
1999-06-01,100415.841
1999-07-01,102138.279
1999-08-01,103309.405
1999-09-01,107338.105
1999-10-01,107179.65
1999-11-01,108375.406
1999-12-01,121054.928
2000-01-01,81134.037
2000-02-01,77875.895
2000-03-01,63046.071
2000-04-01,102723.899
2000-05-01,118615.404
2000-06-01,114605.75
2000-07-01,113604.491
2000-08-01,111200.389
2000-09-01,110356.669
2000-10-01,110726.414
2000-11-01,114818.141
2000-12-01,93453.42
2001-01-01,99551.711
2001-02-01,68888.576
2001-03-01,67661.172
2001-04-01,70899.344
2001-05-01,125571.46
2001-06-01,111936.901
2001-07-01,113388.516
2001-08-01,107914.105
2001-09-01,116997.287
2001-10-01,115764.167
2001-11-01,120004.119
2001-12-01,111975.007
2002-01-01,109473.502
2002-02-01,91029.774
2002-03-01,105907.427
2002-04-01,86743.232
2002-05-01,116226.465
2002-06-01,121518.659
2002-07-01,116469.516
2002-08-01,114674.634
2002-09-01,113009.574
2002-10-01,124742.621
2002-11-01,126035.866
2002-12-01,120911.916
2003-01-01,94581.124
2003-02-01,79518.873
2003-03-01,72028.341
2003-04-01,121487.838
2003-05-01,134165.55
2003-06-01,121500.894
2003-07-01,120904.3
2003-08-01,118339.448
2003-09-01,115784.315
2003-10-01,128177.634
2003-11-01,129357.91
2003-12-01,126314.46
2004-01-01,96350.11
2004-02-01,83227.49
2004-03-01,79792.995
2004-04-01,131355.091
2004-05-01,137786.295
2004-06-01,123509.742
2004-07-01,126191.191
2004-08-01,127406.789
2004-09-01,128987.7
2004-10-01,132594.646
2004-11-01,139461.662
2004-12-01,113383.533
2005-01-01,85978.99
2005-02-01,82189.513
2005-03-01,88339.38799999999
2005-04-01,93241.262
2005-05-01,133702.373
2005-06-01,144652.899
2005-07-01,142980.955
2005-08-01,139331.002
2005-09-01,141298.576
2005-10-01,141618.297
2005-11-01,148098.313
2005-12-01,121962.909
2006-01-01,110062.063
2006-02-01,88234.857
2006-03-01,89911.439
2006-04-01,97855.645
2006-05-01,142193.958
2006-06-01,144884.304
2006-07-01,141649.813
2006-08-01,144242.994
2006-09-01,144999.886
2006-10-01,143926.666
2006-11-01,143814.737
2006-12-01,125569.907
2007-01-01,92763.462
2007-02-01,93565.694
2007-03-01,96198.26
2007-04-01,101236.026
2007-05-01,102723.547
2007-06-01,144590.092
2007-07-01,135347.649
2007-08-01,148879.651
2007-09-01,157825.113
2007-10-01,158364.504
2007-11-01,155202.98
2007-12-01,108472.779
2008-01-01,101249.223
2008-02-01,105732.335
2008-03-01,101251.065
2008-04-01,105215.402
2008-05-01,155836.908
2008-06-01,158635.0351
2008-07-01,157275.484
2008-08-01,151815.528
2008-09-01,164277.274
2008-10-01,150532.797
2008-11-01,142972.849
2008-12-01,155340.752
2009-01-01,104842.484
2009-02-01,94855.876
2009-03-01,104713.596
2009-04-01,107392.867
2009-05-01,114478.023
2009-06-01,165692.633
2009-07-01,163789.775
2009-08-01,164870.843
2009-09-01,167285.587
2009-10-01,171345.955
2009-11-01,112263.858
2009-12-01,90881.135
2010-01-01,109101.599
2010-02-01,88307.462
2010-03-01,100275.734
2010-04-01,111703.729
2010-05-01,147824.383
2010-06-01,158194.985
2010-07-01,172579.49599999998
2010-08-01,177412.733
2010-09-01,145973.468
2010-10-01,156860.193
2010-11-01,155315.892
2010-12-01,115294.552
2011-01-01,96517.588
2011-02-01,97039.475
2011-03-01,103130.157
2011-04-01,120088.533
2011-05-01,126320.287
2011-06-01,201121.073
2011-07-01,189556.927
2011-08-01,196756.78443798
2011-09-01,200995.184
2011-10-01,161993.625
2011-11-01,166384.322
2011-12-01,174137.006
2012-01-01,132335.565
2012-02-01,117333.797
2012-03-01,102659.708
2012-04-01,134898.128
2012-05-01,179770.398
2012-06-01,188427.941
2012-07-01,204171.454
2012-08-01,213775.112
2012-09-01,194162.825
2012-10-01,195777.887
2012-11-01,182280.51
2012-12-01,140378.996
2013-01-01,134094.274
2013-02-01,132578.905
2013-03-01,168152.044
2013-04-01,189019.08
2013-05-01,182369.044
2013-06-01,219165.957
2013-07-01,218013.591
2013-08-01,215189.035
2013-09-01,207167.947
2013-10-01,224682.834
2013-11-01,187811.283
2013-12-01,194328.284
2014-01-01,123820.947
2014-02-01,90040.614
2014-03-01,175156.026
2014-04-01,187783.347
2014-05-01,196483.96
2014-06-01,223969.18
2014-07-01,217157.698
2014-08-01,238926.191
2014-09-01,223996.205
2014-10-01,193558.706
2014-11-01,192587.386
2014-12-01,193489.072
2015-01-01,141731.658
2015-02-01,128187.837
2015-03-01,178681.266
2015-04-01,182522.453
2015-05-01,236823.222
2015-06-01,228668.11
2015-07-01,220082.028
2015-08-01,229845.123
2015-09-01,233524.593
2015-10-01,234002.722
2015-11-01,234311.602
2015-12-01,221516.499
2016-01-01,183656.963
2016-02-01,144526.376
2016-03-01,214747.676
2016-04-01,203119.017
2016-05-01,217442.352
2016-06-01,221024.193
2016-07-01,229683.775
2016-08-01,228141.943
2016-09-01,233637.292
2016-10-01,228535.367
2016-11-01,249592.045093
2016-12-01,255204.569691
2017-01-01,253507.241029
2017-02-01,205921.825356
2017-03-01,209030.715554
2017-04-01,263691.564347
2017-05-01,226034.20772
2017-06-01,232972.046337
2017-07-01,218659.134459
2017-08-01,225660.029
2017-09-01,235402.362
2017-10-01,238090.87
2017-11-01,247614.639
2017-12-01,259575.459
2018-01-01,261313.099
2018-02-01,279145.26321
2018-03-01,286227.61022
2018-04-01,280205.75048
2018-05-01,274967.53222
2018-06-01,235411.31883000003
2018-07-01,221543.35502
2018-08-01,223341.56901
2018-09-01,230129.05002
2018-10-01,242224.49696
2018-11-01,248942.81097
2018-12-01,272100.98365
2019-01-01,249748.3245
2019-02-01,186448.92131
2019-03-01,294413.31688
2019-04-01,287493.76447
2019-05-01,265973.26127
2019-06-01,242451.40878
2019-07-01,230777.07563000004
2019-08-01,234800.48656
2019-09-01,235267.7509
2019-10-01,245973.63955
2019-11-01,275398.30421000003
2019-12-01,284611.20346000005
2020-01-01,292721.23097
2020-02-01,283857.49671000004
2020-03-01,287872.05615
2020-04-01,244209.55542
2020-05-01,217487.98769
2020-06-01,213331.84998
2020-07-01,217135.86171
2020-08-01,211432.83676
2020-09-01,225753.25778
2020-10-01,239119.61853
2020-11-01,255147.58385
2020-12-01,287521.00738
2021-01-01,265634.33707
2021-02-01,293889.653
2021-03-01,288970.62353
2021-04-01,296200.6689
2021-05-01,253991.33018
2021-06-01,239369.93278
2021-07-01,241477.13629
2021-08-01,242923.57698
2021-09-01,243971.73068
2021-10-01,248185.66519
2021-11-01,260442.44778
2021-12-01,292198.21469
2022-01-01,307282.04782
2022-02-01,290503.948
2022-03-01,291161.23139
2022-04-01,305328.759
2022-05-01,270377.94758
2022-06-01,255499.299
2022-07-01,251424.46
2022-08-01,258110.67388
2022-09-01,252622.814
2022-10-01,253267.46
2022-11-01,268891.72578
2022-12-01,302023.51
2023-01-01,303781.92
2023-02-01,300097.817
2023-03-01,307115.259
2023-04-01,316919.12152
2023-05-01,291123.95
2023-06-01,278517.78462
2023-07-01,255516.938
2023-08-01,247179.244
2023-09-01,259756.03
2023-10-01,282623.915
2023-11-01,266044.95457
2023-12-01,314137.52301
2024-01-01,320389.116
2024-02-01,301402.153
2024-03-01,306218.24142
2024-04-01,320994.077
2024-05-01,299343.88655789057
2024-06-01,249676.6991335932
2024-07-01,234175.3019478724
2024-08-01,223476.5741420714
2024-09-01,225070.6734711031
2024-10-01,237004.28690873328
2024-11-01,265911.30510740983
2024-12-01,267314.26246277784
2025-01-01,278076.4521548148
2025-02-01,291802.1511681534
2025-03-01,319095.5067509436
2025-04-01,298417.2736624
2025-05-01,257652.68112970004
2025-06-01,233742.3311133
2025-07-01,221567.6081469
2025-08-01,217602.0956293
2025-09-01,223818.1640159
2025-10-01,218005.1769437385
2025-11-01,221806.49438501007
2025-12-01,230805.83700053408
2026-01-01,270675.63053329673
2026-02-01,274307.30600990745
2026-03-01,298529.4447574509
