data,observado,tendencia,sazonalidade,residuo
1994-12-01,76256.101,70079.54464932346,4181.455682140453,1995.1006685360771
1995-01-01,81750.261,71371.13696656062,13002.516550943175,-2623.3925175037875
1995-02-01,79815.154,72638.96488721322,7190.426874157967,-14.237761371201486
1995-03-01,85568.73300000001,73877.55002324631,16136.406418558021,-4445.223441804323
1995-04-01,81782.544,75082.36886935374,11207.699074518852,-4507.5239438725985
1995-05-01,75660.423,76252.96601129751,-1903.7308246859477,1311.187813388431
1995-06-01,73204.902,77394.95176002245,-7627.44413478235,3437.394374759897
1995-07-01,74658.665,78519.50365513338,-7639.178076223219,3778.3394210898405
1995-08-01,73560.068,79645.56422904716,-8843.928709495152,2758.4324804479984
1995-09-01,76355.848,80804.85780833664,-6584.974926978014,2135.9651186413685
1995-10-01,78822.982,81999.96744080762,-6878.125681046495,3701.1402402388776
1995-11-01,80522.6,82772.72114235564,-5121.391344384305,2871.270202028667
1995-12-01,85237.746,83376.41882222766,4920.077291555494,-3058.750113783157
1996-01-01,93252.181,83788.97536177222,10212.090200156148,-748.8845619283675
1996-02-01,88585.096,84047.98744831172,2024.0986957537684,2513.0098559345206
1996-03-01,93113.946,84227.43029552519,10642.555346634634,-1756.039642159827
1996-04-01,90757.734,84384.21767960588,8192.038675554559,-1818.522355160443
1996-05-01,87328.597,84592.86843892577,436.1746712685624,2299.5538898056693
1996-06-01,79044.482,84940.169917939,-5379.618490619163,-516.0694273198314
1996-07-01,80782.795,85482.37820903021,-5583.176605524622,883.5933964944124
1996-08-01,78036.466,86192.43927321064,-6850.1719490644955,-1305.801324146145
1996-09-01,79087.733,86965.73667488966,-4625.228954201842,-3252.7747206878266
1996-10-01,80307.221,87703.1527231642,-4347.998275294681,-3047.933447869509
1996-11-01,84268.53,88370.84661717582,-2398.210431486195,-1704.1061856896267
1996-12-01,91060.732,88978.84200275612,5592.507298734759,-3510.617301490871
1997-01-01,99753.068,89562.73460636663,7345.416101597816,2844.9172920355486
1997-02-01,97176.367,90180.36491469709,-2991.569130884242,9987.571216187149
1997-03-01,103214.1,90863.27075670469,5070.793767707477,7280.035475587836
1997-04-01,96715.406,91583.54890671164,4973.684720460795,158.17237282756832
1997-05-01,92750.334,92257.00355267317,2812.499151620513,-2319.168704293683
1997-06-01,87649.345,92783.13382139074,-3092.4325205944156,-2041.356300796324
1997-07-01,87304.438,93147.23423947598,-3472.1145616792164,-2370.6816777967615
1997-08-01,87430.631,93421.90431534903,-4827.260513350722,-1164.012801998324
1997-09-01,92423.056,93693.94532455594,-2668.987516246418,1398.0981916904711
1997-10-01,93727.14,94033.09205838831,-1779.362207084106,1473.4101486957952
1997-11-01,94993.033,94458.91742132626,361.97394265361567,172.1416360201256
1997-12-01,103060.201,94949.40528568086,6187.368049266744,1923.427665052397
1998-01-01,96775.559,95454.47171042467,4413.04177697554,-3091.9544874002167
1998-02-01,74477.37,95928.31018604057,-7844.288944407492,-13606.65124163308
1998-03-01,99257.081,96372.76439017002,-501.6590126366908,3385.975622466678
1998-04-01,106034.691,96838.25790620362,1576.8520543091201,7619.581039487268
1998-05-01,101290.068,97380.6063100879,5198.344871455897,-1288.883181543788
1998-06-01,97354.653,98006.14672807278,-787.4949755254512,136.00124745267385
1998-07-01,93728.447,98713.1863051468,-1337.680130538265,-3647.0591746085265
1998-08-01,96072.024,99493.37147868065,-2781.292856410895,-640.0546222697449
1998-09-01,97469.919,100259.03715568315,-714.8834397150949,-2074.234715968065
1998-10-01,100275.858,100878.65787938454,818.7542403779635,-1421.5541197625134
1998-11-01,104608.703,101298.25736331526,3150.7885320504347,159.6571046343015
1998-12-01,110063.579,101609.30344371528,6726.678442839399,1727.5971134453139
1999-01-01,113398.213,101946.8018025422,1423.8679437371388,10027.543253720665
1999-02-01,88897.093,102341.55928873326,-12594.763901475202,-849.7023872580612
1999-03-01,74375.58,102749.08170818308,-6000.74326498041,-22372.758443202663
1999-04-01,114103.232,103162.83586021242,-1962.6149067787567,12903.011046566346
1999-05-01,107626.278,103526.39428618428,7565.556244576909,-3465.6725307611778
1999-06-01,100415.841,103762.04978694694,1520.9958157280848,-4867.204602675018
1999-07-01,102138.279,103849.42931726169,794.6130907244952,-2505.763407986189
1999-08-01,103309.405,103880.29630596255,-707.1310742325721,136.2397682700248
1999-09-01,107338.105,104013.30323399017,1245.759616493154,2079.0421495166665
1999-10-01,107179.65,104344.89465004702,3432.564220636996,-597.8088706840208
1999-11-01,108375.406,104846.85179491289,5958.448390558467,-2429.8941854713485
1999-12-01,121054.928,105427.82810745039,7279.35145590141,8347.748436648195
2000-01-01,81134.037,106007.6381465937,-1575.5109700045014,-23298.090176589205
2000-02-01,77875.895,106517.66248417788,-17409.927158308834,-11231.840325869038
2000-03-01,63046.071,106898.40346388152,-11348.800505935895,-32503.531957945626
2000-04-01,102723.899,107158.30566513345,-5657.133642989573,1222.7269778561313
2000-05-01,118615.404,107322.72475633501,9904.157840574608,1388.5214030903735
2000-06-01,114605.75,107401.62751479252,3845.1568407654595,3358.965644442025
2000-07-01,113604.491,107343.52486059394,2945.9204356278765,3315.0457037781744
2000-08-01,111200.389,107058.4739278857,1432.6746843666933,2709.2403877476027
2000-09-01,110356.669,106662.06460167789,3263.139137319506,431.46526100259507
2000-10-01,110726.414,106406.08828476537,6072.116911468546,-1751.791196233913
2000-11-01,114818.141,106349.45917327047,8796.441891146762,-327.7600644172344
2000-12-01,93453.42,106345.27846128977,8017.209847999592,-20909.06830928936
2001-01-01,99551.711,106325.81345351983,-4579.772977942632,-2194.3294755772076
2001-02-01,68888.576,106262.39890683237,-22625.682179575968,-14748.14072725641
2001-03-01,67661.172,106176.43819331039,-16788.187469497323,-21727.078723813058
2001-04-01,70899.344,106132.29251090891,-9690.927351517297,-25542.021159391617
2001-05-01,125571.46,106236.7965160456,12359.113724239372,6975.549759715039
2001-06-01,111936.901,106550.97489431164,6386.128897284461,-1000.202791596108
2001-07-01,113388.516,107065.51348280869,5383.481012366947,939.5215048243699
2001-08-01,107914.105,107696.33782213394,3787.3169002017335,-3569.5497223356797
2001-09-01,116997.287,108223.02588543206,5450.236029716765,3324.0250848511787
2001-10-01,115764.167,108477.02750231986,8849.769027545812,-1562.629529865677
2001-11-01,120004.119,108506.11987425294,11771.530949025087,-273.5318232780264
2001-12-01,111975.007,108442.46016007816,7466.1372522415895,-3933.5904123197543
2002-01-01,109473.502,108382.25055435358,-8292.4993518583,9383.750797504705
2002-02-01,91029.774,108408.35287326173,-26320.19705115364,8941.618177891913
2002-03-01,105907.427,108538.60609448966,-22903.939573483458,20272.76047899379
2002-04-01,86743.232,108715.97367150334,-13380.309869518062,-8592.431801985265
2002-05-01,116226.465,108859.72996825361,14417.383521651791,-7050.648489905405
2002-06-01,121518.659,108917.95242195384,9194.023259684915,3406.683318361247
2002-07-01,116469.516,108887.14668501724,8235.4144995885,-653.0451846057404
2002-08-01,114674.634,108788.32005240781,6542.0692034691865,-655.7552558769967
2002-09-01,113009.574,108730.28713409968,8068.38587913434,-3789.099013234023
2002-10-01,124742.621,108819.82228941227,11550.303390808514,4372.495319779206
2002-11-01,126035.866,109064.88728283161,14577.476077401085,2393.5026397673064
2002-12-01,120911.916,109342.3767148319,6450.802548918073,5118.736736250023
2003-01-01,94581.124,109541.63728475326,-12106.943265662458,-2853.57001909081
2003-02-01,79518.873,109662.05769703504,-28634.96518920781,-1508.2195078272198
2003-03-01,72028.341,109769.7886139693,-30821.34881360237,-6920.098800366934
2003-04-01,121487.838,109941.19636755147,-17418.40071475528,28965.04234720381
2003-05-01,134165.55,110170.40532263988,16241.299907389555,7753.844769970543
2003-06-01,121500.894,110444.66219496916,11878.503150581662,-822.2713455508201
2003-07-01,120904.3,110768.4301907137,10864.946230332016,-729.0764210457128
2003-08-01,118339.448,111191.48427971284,9214.596707332259,-2066.6329870450863
2003-09-01,115784.315,111715.40386301052,10880.41337657661,-6811.502239587135
2003-10-01,128177.634,112244.62191895094,14084.408131636237,1848.60394941282
2003-11-01,129357.91,112683.22465970337,16736.961653581475,-62.27631328483403
2003-12-01,126314.46,113035.29939078637,5056.023126864159,8223.13748234947
2004-01-01,96350.11,113357.93714625869,-16467.647324989543,-540.1798212691501
2004-02-01,83227.49,113723.97329297506,-30474.52192428591,-21.96136868915346
2004-03-01,79792.995,114153.26968507905,-33722.45365746732,-637.8210276117316
2004-04-01,131355.091,114535.8302820887,-21758.65807666032,38577.91879457161
2004-05-01,137786.295,114777.4083856976,17313.900219083698,5694.986395218701
2004-06-01,123509.742,114868.13480450869,14019.247884560735,-5377.640689069434
2004-07-01,126191.191,114889.69769864334,12824.834905544554,-1523.3416041878954
2004-08-01,127406.789,114947.56105552547,11436.854536600082,1022.3734078744601
2004-09-01,128987.7,115097.98831567372,13561.22522336033,328.48646096594166
2004-10-01,132594.646,115407.34373049454,15999.864518237802,1187.4377512676729
2004-11-01,139461.662,115904.36924535429,17843.548733740667,5713.744020905055
2004-12-01,113383.533,116597.52740737287,3998.9066357632855,-7212.901043136153
2005-01-01,85978.99,117423.09373878967,-20751.749766828307,-10692.353971961362
2005-02-01,82189.513,118296.22941060111,-32323.464843894537,-3783.2515667065745
2005-03-01,88339.38799999999,119184.68267404744,-33793.47956034731,2948.184886299874
2005-04-01,93241.262,120045.99656527562,-25447.105566409176,-1357.6289988664503
2005-05-01,133702.373,120931.82183543258,17517.810581612175,-4747.2594170447555
2005-06-01,144652.899,121853.72539608751,15713.9011930978,7085.272410814694
2005-07-01,142980.955,122774.6149380769,14637.035248841941,5569.304813081137
2005-08-01,139331.002,123632.3554621675,13642.152870791931,2056.493667040573
2005-09-01,141298.576,124358.15296736758,16203.406240005934,737.016792626484
2005-10-01,141618.297,124905.33260134784,17349.287211543175,-636.3228128910268
2005-11-01,148098.313,125289.0191559606,17984.835083925373,4824.458760114023
2005-12-01,121962.909,125551.63152163886,3759.929342907008,-7348.651864545871
2006-01-01,110062.063,125712.22314835136,-24672.77369616642,9022.613547815068
2006-02-01,88234.857,125782.41370860141,-34773.093504986486,-2774.463203614927
2006-03-01,89911.439,125800.02676975064,-34120.90953542135,-1767.678234329287
2006-04-01,97855.645,125797.75593526731,-27543.399648541115,-398.7112867261894
2006-05-01,142193.958,125762.89433882316,16739.1766964901,-308.11303531324666
2006-06-01,144884.304,125720.52328978048,17225.20164523958,1938.5790649799455
2006-07-01,141649.813,125728.71218343855,16932.946936419838,-1011.8461198583973
2006-08-01,144242.994,125828.94776943268,16337.172966388964,2076.8732641783718
2006-09-01,144999.886,126015.96688627788,18770.656215163886,213.26289855824143
2006-10-01,143926.666,126238.69822089418,17922.30686262221,-234.3390835163882
2006-11-01,143814.737,126450.21367507105,17213.07165594655,151.45166898239404
2006-12-01,125569.907,126628.07059865534,4373.303551483394,-5431.46715013872
2007-01-01,92763.462,126878.37759611642,-28230.73054709983,-5884.185049016596
2007-02-01,93565.694,127334.84693161733,-37540.448460950385,3771.2955293330597
2007-03-01,96198.26,128029.82633773374,-34680.669268312595,2849.1029305788397
2007-04-01,101236.026,128894.13398580586,-28598.005881690355,939.8978958844818
2007-05-01,102723.547,129854.30797620841,15364.804145181131,-42495.56512138953
2007-06-01,144590.092,130885.09566979791,18475.52006125605,-4770.523731053952
2007-07-01,135347.649,131892.03394891592,19618.614622500474,-16162.999571416396
2007-08-01,148879.651,132794.72114672328,19521.883396023542,-3436.953542746807
2007-09-01,157825.113,133607.52226002052,20740.784770331244,3476.805969648267
2007-10-01,158364.504,134355.88227493325,17695.24616780379,6313.375557262945
2007-11-01,155202.98,135079.57377148658,15710.454853474217,4412.951375039207
2007-12-01,108472.779,135801.47658211322,5562.124548680496,-32890.82213079372
2008-01-01,101249.223,136453.57965802282,-31118.078293129296,-4086.2783648935147
2008-02-01,105732.335,136926.8900569823,-40001.25413055242,8806.69907357014
2008-03-01,101251.065,137182.83463733539,-34964.170241649605,-967.599395685771
2008-04-01,105215.402,137239.52044222085,-28566.068130664105,-3458.0503115567262
2008-05-01,155836.908,137179.79501731167,13556.503401897186,5100.609580791148
2008-06-01,158635.0351,137097.82164696255,19124.61785421801,2412.595598819462
2008-07-01,157275.484,137068.88543009807,22215.046644687744,-2008.4480747858179
2008-08-01,151815.528,137067.48210366562,22799.721129515092,-8051.675233180722
2008-09-01,164277.274,137061.14680600047,21132.527101263946,6083.600092735578
2008-10-01,150532.797,137101.17733312922,17193.183755811355,-3761.5640889405913
2008-11-01,142972.849,137227.39782347396,13618.087984900147,-7872.636808374125
2008-12-01,155340.752,137463.30161221576,6423.946455236615,11453.50393254764
2009-01-01,104842.484,137823.74392782955,-33750.52211930197,769.2621914724004
2009-02-01,94855.876,138333.95220505729,-42314.0934724376,-1163.9827326196828
2009-03-01,104713.596,138997.3414593482,-33468.088959583845,-815.656499764329
2009-04-01,107392.867,139759.34419350937,-26120.289698823955,-6246.187494685408
2009-05-01,114478.023,140512.6855757204,11591.686602294736,-37626.34917801512
2009-06-01,165692.633,141048.19680144908,19143.855172394407,5500.58102615652
2009-07-01,163789.775,141197.19529245293,24399.650564929274,-1807.0708573822048
2009-08-01,164870.843,140989.8688167964,25364.628107205117,-1483.6539240015263
2009-09-01,167285.587,140662.76531503996,20887.60687797075,5735.214806989301
2009-10-01,171345.955,140449.63568197447,16341.4471312079,14554.872186817607
2009-11-01,112263.858,140380.39411127713,10995.86219800672,-39112.39830928386
2009-12-01,90881.135,140348.38111221028,7001.157428242742,-56468.40354045303
2010-01-01,109101.599,140247.99841325977,-36260.08624146175,5113.686828201986
2010-02-01,88307.462,140088.34777692382,-44840.86370427897,-6940.022072644846
2010-03-01,100275.734,139908.0360313063,-30767.75419623732,-8864.547835068995
2010-04-01,111703.729,139699.685273831,-22115.65866086233,-5880.297612968687
2010-05-01,147824.383,139553.61114292394,9961.185753118983,-1690.4138960429118
2010-06-01,158194.985,139642.49973754532,18920.14753160158,-367.66226914690924
2010-07-01,172579.49599999998,139916.90338129865,26020.509714139444,6642.082904561888
2010-08-01,177412.733,140212.53575252744,27136.276501653057,10063.920745819516
2010-09-01,145973.468,140478.48236995627,20455.382868620265,-14960.397238576537
2010-10-01,156860.193,140743.75780336512,15127.589877413287,988.845319221582
2010-11-01,155315.892,141176.5137700562,8663.69807758118,5475.68015236262
2010-12-01,115294.552,141936.09430075818,8171.6856326455345,-34813.227933403716
2011-01-01,96517.588,143018.64533225333,-38278.20356057335,-8222.853771679976
2011-02-01,97039.475,144345.86961933225,-47592.9346773565,286.5400580242567
2011-03-01,103130.157,145806.240760251,-27948.251347128822,-14727.832413122174
2011-04-01,120088.533,147298.90561163673,-17346.87611100208,-9863.496500634647
2011-05-01,126320.287,148889.2155882285,8151.592064979115,-30720.52065320761
2011-06-01,201121.073,150586.6356121022,18250.4502834112,32283.987104486616
2011-07-01,189556.927,152423.18100313595,26477.23964253612,10656.506354327925
2011-08-01,196756.78443798,154596.44711462152,27129.43662288469,15030.900700473809
2011-09-01,200995.184,157075.2171142017,19617.523447610645,24302.443438187678
2011-10-01,161993.625,159605.492175835,13880.748279511545,-11492.61545534656
2011-11-01,166384.322,162003.24338995197,7285.307420158474,-2904.2288101104496
2011-12-01,174137.006,164118.46154035805,9402.523218936469,616.0212407054787
2012-01-01,132335.565,165940.25079945603,-39324.34371434427,5719.65791488823
2012-02-01,117333.797,167654.47538732865,-48178.6508278014,-2142.027559527254
2012-03-01,102659.708,169379.86227516632,-24791.358473887634,-41928.795801278684
2012-04-01,134898.128,171124.2846528732,-11112.72934176067,-25113.42731111255
2012-05-01,179770.398,172785.83473640855,5958.608771368785,1025.9544922226632
2012-06-01,188427.941,174240.64059730055,16013.722727294204,-1826.4223245947505
2012-07-01,204171.454,175527.60751944897,25163.566680469037,3480.279800082004
2012-08-01,213775.112,176729.56528123879,25485.668177318028,11559.878541443177
2012-09-01,194162.825,177861.69713415887,17903.657122257235,-1602.5292564160773
2012-10-01,195777.887,178954.8855538624,12254.250186559078,4568.751259578508
2012-11-01,182280.51,180068.7871342144,6867.480857693048,-4655.75799190742
2012-12-01,140378.996,181230.4794615356,8780.231416488212,-49631.714878023806
2013-01-01,134094.274,182425.6752214526,-39866.91418093375,-8464.487040518841
2013-02-01,132578.905,183567.1167922397,-44253.17885172186,-6735.032940517849
2013-03-01,168152.044,184557.9327176072,-21129.71428393206,4723.825566324842
2013-04-01,189019.08,185398.2891851554,-3373.7122350598647,6994.5030499044515
2013-05-01,182369.044,186201.4825617296,3481.986385379085,-7314.424947108666
2013-06-01,219165.957,186984.52773464084,13016.072318546388,19165.356946812768
2013-07-01,218013.591,187643.11923011308,21820.075405639815,8550.396364247106
2013-08-01,215189.035,188121.09248429563,22470.905290901723,4597.037224802654
2013-09-01,207167.947,188521.72484453488,15194.808552697492,3451.4136027675995
2013-10-01,224682.834,188901.6161053903,10150.467202347674,25630.750692262023
2013-11-01,187811.283,189223.14514334427,7081.838204982862,-8493.70034832714
2013-12-01,194328.284,189461.87453980348,8448.944052229699,-3582.53459203316
2014-01-01,123820.947,189664.39381546268,-36921.01601420027,-28922.43080126241
2014-02-01,90040.614,189766.31386826962,-40396.99596536667,-59328.703902902955
2014-03-01,175156.026,189635.6766136286,-16818.60201014097,2338.9513965123915
2014-04-01,187783.347,189348.09904980497,4558.730642083434,-6123.482691888377
2014-05-01,196483.96,189137.29971896423,950.9580523925338,6395.702228643233
2014-06-01,223969.18,189060.32879158467,9697.303753177745,25211.547455237567
2014-07-01,217157.698,189019.0453359192,16321.144292192124,11817.508371888689
2014-08-01,238926.191,188907.98051967737,17556.750869429245,32461.45961089339
2014-09-01,223996.205,188752.41279539853,11911.73707491459,23332.055129686865
2014-10-01,193558.706,189106.76677638982,7510.242866049954,-3058.3036424397724
2014-11-01,192587.386,190481.0205413537,7072.748941824882,-4966.383483178593
2014-12-01,193489.072,192437.5829155043,9917.186086496715,-8865.69700200102
2015-01-01,141731.658,194485.27688822558,-29788.390733016797,-22965.22815520878
2015-02-01,128187.837,196874.48728354357,-36554.821114437225,-32131.82916910635
2015-03-01,178681.266,199778.3586115169,-11904.97803317181,-9192.114578345063
2015-04-01,182522.453,202856.10835310395,12280.116705473802,-32613.772058577742
2015-05-01,236823.222,205992.4573223062,-1242.414218563463,32073.178896257275
2015-06-01,228668.11,209100.56952451437,6476.81316940674,13090.727306078887
2015-07-01,220082.028,212230.75200459026,9047.980309545408,-1196.7043141356844
2015-08-01,229845.123,215161.22428470303,10415.205772792066,4268.6929425048875
2015-09-01,233524.593,217178.7123296926,7745.819551602286,8600.06111870511
2015-10-01,234002.722,218284.44613953613,4878.565648419044,10839.710212044825
2015-11-01,234311.602,219049.224770472,7148.672663087223,8113.704566440778
2015-12-01,221516.499,219707.49742027489,12288.38096748327,-10479.379387758148
2016-01-01,183656.963,220298.4631686012,-23558.787570222972,-13082.712598378246
2016-02-01,144526.376,220902.09088439227,-31912.464198280893,-44463.250686111394
2016-03-01,214747.676,221527.1074639342,-4955.540258250982,-1823.891205683205
2016-04-01,203119.017,222149.13819345785,19635.2353945643,-38665.35658802217
2016-05-01,217442.352,222829.68001597343,-2575.3627675785738,-2811.965248394845
2016-06-01,221024.193,223805.76106029822,3014.8932052717078,-5796.461265569931
2016-07-01,229683.775,225206.16405419528,1202.377536486521,3275.2334093182
2016-08-01,228141.943,226870.3929626566,2355.910610195145,-1084.3605728517286
2016-09-01,233637.292,228401.2430165614,2520.6849003105763,2715.3640831279918
2016-10-01,228535.367,229572.5818798047,2063.610762862652,-3100.8256426673615
2016-11-01,249592.045093,230429.42976289435,7257.184310771056,11905.431019334588
2016-12-01,255204.569691,231098.6184437842,15103.060384121462,9002.890863094362
2017-01-01,253507.241029,231713.67966160423,-18624.138801214194,40417.70016860997
2017-02-01,205921.825356,232363.46732017153,-24756.186130724094,-1685.4558334474568
2017-03-01,209030.715554,233022.79000661083,1854.2743338774387,-25846.348786488263
2017-04-01,263691.564347,233627.97624904686,25334.49296333082,4729.095134622301
2017-05-01,226034.20772,234136.62102465468,-3183.157707515237,-4919.255597139447
2017-06-01,232972.046337,234540.00047350317,-1184.410661166367,-383.54347533680266
2017-07-01,218659.134459,234986.26550699017,-5572.9944317845475,-10754.136616205622
2017-08-01,225660.029,235716.07057117243,-4732.053540051305,-5323.988031121116
2017-09-01,235402.362,236818.50969723603,-2901.2025342964107,1485.0548370603647
2017-10-01,238090.87,237967.47741505483,-1582.489566554388,1705.8821514995361
2017-11-01,247614.639,238731.90261443905,6765.0630317870455,2117.673353773891
2017-12-01,259575.459,239058.51324486185,18379.215215080785,2137.730540057353
2018-01-01,261313.099,239226.8702499293,-12883.835730402985,34970.06448047364
2018-02-01,279145.26321,239539.19322447685,-16675.563798812604,56281.633784335776
2018-03-01,286227.61022,240032.44137200204,6937.237135066174,39257.93171293175
2018-04-01,280205.75048,240659.51051496118,30143.574070777664,9402.665894261154
2018-05-01,274967.53222,241280.345549264,-3620.5771565863565,37307.76382732234
2018-06-01,235411.31883000003,241743.39952397536,-5827.584847890432,-504.49584608490113
2018-07-01,221543.35502,242082.72089950478,-11197.725379712174,-9341.640499792615
2018-08-01,223341.56901,242532.13627196063,-10431.342124192957,-8759.225137767673
2018-09-01,230129.05002,243434.75275998595,-8465.50172691521,-4840.201013070735
2018-10-01,242224.49696,244693.35700916167,-5812.453799859633,3343.593750697939
2018-11-01,248942.81097,245894.54186822043,5137.7127390630685,-2089.443637283519
2018-12-01,272100.98365,246894.54649154533,21301.096994441566,3905.3401640131196
2019-01-01,249748.3245,247779.66001333465,-4989.875162531712,6958.539649197046
2019-02-01,186448.92131,248715.7523058144,-9300.230056903085,-52966.60093891132
2019-03-01,294413.31688,249778.91563106934,11744.450112690518,32889.95113624015
2019-04-01,287493.76447,250916.3413192135,34043.64958035032,2533.7735704361694
2019-05-01,265973.26127,251994.17485239453,-3863.908537801027,17842.994955406495
2019-06-01,242451.40878,252942.4654072793,-9510.10612228084,-980.9505049984436
2019-07-01,230777.07563000004,253804.03022088206,-16274.024185626895,-6752.930405255145
2019-08-01,234800.48656,254706.08510471688,-15604.34690728763,-4301.251637429261
2019-09-01,235267.7509,255873.16375951713,-13782.42650070408,-6822.986358813039
2019-10-01,245973.63955,257485.12919506806,-10321.837035188717,-1189.6526098793547
2019-11-01,275398.30421000003,259473.92632478403,2162.03641373298,13762.341471483029
2019-12-01,284611.20346000005,261533.461621918,23639.74637314191,-562.0045350598521
2020-01-01,292721.23097,261798.6523678488,2707.7894884912557,28214.789113659936
2020-02-01,283857.49671000004,259634.43566345354,-1870.4383358725133,26093.499382418988
2020-03-01,287872.05615,258201.88257496041,17745.288709600438,11924.884865439148
2020-04-01,244209.55542,258187.35165683748,34981.950799130434,-48959.747035967914
2020-05-01,217487.98769,258677.05528652566,-2944.5503769510824,-38244.51721957457
2020-06-01,213331.84998,259012.53918574343,-11686.62784868356,-33994.061357059865
2020-07-01,217135.86171,258812.71318957297,-19731.81892353932,-21945.032556033664
2020-08-01,211432.83676,257897.22532411388,-20207.17336836432,-26257.215195749566
2020-09-01,225753.25778,256785.15151935266,-17765.17811015829,-13266.715629194368
2020-10-01,239119.61853,256222.19397416108,-14238.058440262443,-2864.5170038986253
2020-11-01,255147.58385,256225.94724481992,-2068.445434637984,990.0820398180513
2020-12-01,287521.00738,256736.59598405103,25389.805221474253,5394.606174474728
2021-01-01,265634.33707,257618.3977961794,7312.707277839648,703.2319959809538
2021-02-01,293889.653,258583.79886219648,5344.914997973561,29960.939139829978
2021-03-01,288970.62353,259570.12675998316,22617.954449762903,6782.542320253939
2021-04-01,296200.6689,260537.1464968091,36316.097777140916,-652.5753739500069
2021-05-01,253991.33018,261441.61602957913,-1900.9952913996012,-5549.290558179549
2021-06-01,239369.93278,262273.97000226314,-13761.429340693589,-9142.607881569566
2021-07-01,241477.13629,263015.39743638743,-22811.532999452447,1273.2718530650018
2021-08-01,242923.57698,263720.6233010147,-24240.541576209256,3443.495255194546
2021-09-01,243971.73068,264454.1915705074,-21283.26428802688,800.8033975194558
2021-10-01,248185.66519,265242.81378869043,-17905.012954934795,847.8643562443904
2021-11-01,260442.44778,266125.62456144963,-6444.583394868669,761.406613419007
2021-12-01,292198.21469,267150.5585777304,27249.214993206035,-2201.5588809364126
2022-01-01,307282.04782,268280.5795439442,11193.511834415425,27807.95644164033
2022-02-01,290503.948,269404.23938130727,12217.987136784097,8881.721481908578
2022-03-01,291161.23139,270450.965016497,28153.309094679775,-7443.042721176811
2022-04-01,305328.759,271406.1334592598,37617.61990105738,-3694.994360317185
2022-05-01,270377.94758,272363.3446406414,-870.3031865162482,-1115.0938741252176
2022-06-01,255499.299,273356.10534548946,-15847.416645816227,-2009.389699673222
2022-07-01,251424.46,274341.54569932434,-25678.073540043755,2760.9878407194046
2022-08-01,258110.67388,275294.5281584361,-28061.418944373676,10877.564665937563
2022-09-01,252622.814,276248.852635762,-24605.130751706078,979.0921159440768
2022-10-01,253267.46,277250.23930992844,-21573.89450986932,-2408.884800059139
2022-11-01,268891.72578,278281.7637347124,-10869.815453186442,1479.7774984740536
2022-12-01,302023.51,279243.2272625427,29029.050211983664,-6248.767474526365
2023-01-01,303781.92,280066.0505496652,14890.483456485172,8825.38599384966
2023-02-01,300097.817,280766.66322861,18652.153000542643,679.0007708473131
2023-03-01,307115.259,281344.51572586456,33814.778147768986,-8044.034873633529
2023-04-01,316919.12152,281819.39139920025,38879.797237233295,-3780.06711643358
2023-05-01,291123.95,282233.5312248818,213.6909569482356,8676.72781816998
2023-06-01,278517.78462,282500.774852854,-17852.00467461441,13869.014441760373
2023-07-01,255516.938,282483.21112287825,-28371.854738881146,1405.5816160028917
2023-08-01,247179.244,282221.2004765696,-31773.398571225156,-3268.557905344409
2023-09-01,259756.03,281780.05213649303,-27745.433551516184,5721.411415023147
2023-10-01,282623.915,281119.91378871596,-25211.970221883992,26715.971433167986
2023-11-01,266044.95457,280189.27260926104,-15333.165435725923,1188.847396464902
2023-12-01,314137.52301,278907.5095962197,30744.947683002974,4485.065730777336
2024-01-01,320389.116,277296.8560824422,18465.678455329104,24626.58146222867
2024-02-01,301402.153,275530.22191344795,24711.89756585614,1160.0335206958698
2024-03-01,306218.24142,273738.7357394679,39471.85724441116,-6992.351563879056
2024-04-01,320994.077,271894.4577618074,40150.41658667943,8949.202651513158
2024-05-01,299343.88655789057,269970.7971734926,1373.441198860924,27999.648185537022
2024-06-01,249676.6991335932,268126.48370630754,-19743.30012435714,1293.5155516428058
2024-07-01,234175.3019478724,266527.52557456144,-30951.450768285988,-1400.772858403041
2024-08-01,223476.5741420714,265156.7952419678,-35460.59813386119,-6219.622966035211
2024-09-01,225070.6734711031,263924.869060602,-30736.665557098375,-8117.5300324005075
2024-10-01,237004.28690873328,262764.8597174335,-28797.92738019072,3037.3545714904903
2024-11-01,265911.30510740983,261644.69822908734,-19850.223274821277,24116.83015314379
2024-12-01,267314.26246277784,260625.76706123512,32465.70446491345,-25777.20906337074
2025-01-01,278076.4521548148,259750.93365341527,21903.33690677272,-3577.8184053731966
2025-02-01,291802.1511681534,259015.21208354697,30438.35580315606,2348.583281450352
2025-03-01,319095.5067509436,258344.58338780326,45186.45330998219,15564.470053158147
2025-04-01,298417.2736624,257707.04969807444,41470.845800599665,-760.6218362740765
2025-05-01,257652.68112970004,256946.08829840366,2574.4619451049634,-1867.869113808585
2025-06-01,233742.3311133,255703.71693892914,-21540.07288961916,-421.3129360099847
2025-07-01,221567.6081469,254376.0133608091,-33464.31436324985,655.9091493407323
2025-08-01,217602.0956293,253049.37770349858,-39152.56488427531,3705.282810076722
2025-09-01,223818.1640159,251727.65626825485,-33616.75927363238,5707.267021277512
2025-10-01,218005.1769437385,250402.06786994854,-32323.878702343947,-73.0122238660988
2025-11-01,221806.49438501007,249062.79613546559,-24437.940962525026,-2818.360787930491
2025-12-01,230805.83700053408,247703.87572652244,34213.14687143401,-51111.18559742236
2026-01-01,270675.63053329673,246323.6832987809,25198.569328014317,-846.6220934985031
2026-02-01,274307.30600990745,244922.41828254604,35856.39084816427,-6471.503120802867
2026-03-01,298529.4447574509,243502.75649197696,51052.47623364135,3974.212031832576
