data,pld_sul_rs_mwh
2001-06-01,141.61
2001-07-01,24.735
2001-08-01,47.17
2001-09-01,72.72200000000001
2001-10-01,4.0
2001-11-01,40.480000000000004
2001-12-01,28.156
2002-01-01,48.54800000000001
2002-02-01,7.952500000000001
2002-03-01,9.534
2002-04-01,16.145
2002-05-01,20.255
2002-06-01,12.418000000000001
2002-07-01,17.03
2002-08-01,10.73
2002-09-01,5.4775
2002-10-01,4.8100000000000005
2002-11-01,4.57
2002-12-01,4.0
2003-01-01,4.025
2003-02-01,4.0
2003-03-01,4.0
2003-04-01,5.48
2003-05-01,8.218
2003-06-01,11.379999999999999
2003-07-01,13.912500000000001
2003-08-01,18.798000000000002
2003-09-01,21.2175
2003-10-01,26.5025
2003-11-01,29.107999999999997
2003-12-01,20.282
2004-01-01,23.168
2004-02-01,18.59
2004-03-01,18.59
2004-04-01,18.59
2004-05-01,18.59
2004-06-01,18.59
2004-07-01,18.59
2004-08-01,18.59
2004-09-01,18.59
2004-10-01,18.736
2004-11-01,18.59
2004-12-01,18.59
2005-01-01,18.33
2005-02-01,19.8975
2005-03-01,27.3
2005-04-01,83.406
2005-05-01,74.985
2005-06-01,24.009999999999998
2005-07-01,31.506
2005-08-01,36.4775
2005-09-01,28.135
2005-10-01,18.776
2005-11-01,25.5875
2005-12-01,18.048
2006-01-01,35.5475
2006-02-01,60.9775
2006-03-01,42.61
2006-04-01,23.302
2006-05-01,56.0175
2006-06-01,70.6325
2006-07-01,93.088
2006-08-01,105.8825
2006-09-01,121.03799999999998
2006-10-01,86.7125
2006-11-01,82.1825
2006-12-01,56.181999999999995
2007-01-01,22.5875
2007-02-01,17.59
2007-03-01,17.59
2007-04-01,56.5975
2007-05-01,18.8075
2007-06-01,74.252
2007-07-01,111.71249999999999
2007-08-01,33.79
2007-09-01,152.328
2007-10-01,206.435
2007-11-01,181.355
2007-12-01,209.74
2008-01-01,540.65
2008-02-01,188.2725
2008-03-01,123.226
2008-04-01,67.2675
2008-05-01,41.056
2008-06-01,77.9125
2008-07-01,112.665
2008-08-01,98.782
2008-09-01,111.33250000000001
2008-10-01,91.28
2008-11-01,93.994
2008-12-01,95.58500000000001
2009-01-01,81.062
2009-02-01,66.585
2009-03-01,98.8675
2009-04-01,43.0325
2009-05-01,38.72
2009-06-01,42.565
2009-07-01,28.155
2009-08-01,16.31
2009-09-01,16.31
2009-10-01,16.31
2009-11-01,16.31
2009-12-01,16.31
2010-01-01,12.8
2010-02-01,16.755000000000003
2010-03-01,27.650000000000002
2010-04-01,20.31
2010-05-01,33.122
2010-06-01,71.66499999999999
2010-07-01,91.66
2010-08-01,117.985
2010-09-01,135.84
2010-10-01,138.41
2010-11-01,107.16
2010-12-01,70.66
2011-01-01,26.782
2011-02-01,48.2775
2011-03-01,14.9175
2011-04-01,12.772
2011-05-01,19.0925
2011-06-01,31.955000000000002
2011-07-01,22.003999999999998
2011-08-01,14.9875
2011-09-01,17.325
2011-10-01,37.184000000000005
2011-11-01,47.8975
2011-12-01,43.744
2012-01-01,17.325
2012-02-01,55.5825
2012-03-01,138.644
2012-04-01,196.95749999999998
2012-05-01,179.6475
2012-06-01,106.138
2012-07-01,98.41
2012-08-01,122.32249999999999
2012-09-01,182.7
2012-10-01,303.91
2012-11-01,376.5325
2012-12-01,268.96799999999996
2013-01-01,420.4975
2013-02-01,214.70499999999998
2013-03-01,334.794
2013-04-01,186.35500000000002
2013-05-01,353.78999999999996
2013-06-01,183.54000000000002
2013-07-01,113.78
2013-08-01,163.226
2013-09-01,239.755
2013-10-01,220.4675
2013-11-01,327.98199999999997
2013-12-01,282.33
2014-01-01,391.97
2014-02-01,822.83
2014-03-01,822.8300000000002
2014-04-01,822.83
2014-05-01,766.662
2014-06-01,100.3275
2014-07-01,575.58
2014-08-01,716.0899999999999
2014-09-01,722.8824999999999
2014-10-01,737.8225
2014-11-01,768.014
2014-12-01,595.37
2015-01-01,388.48
2015-02-01,388.48
2015-03-01,388.48
2015-04-01,388.48
2015-05-01,388.48
2015-06-01,373.448
2015-07-01,187.425
2015-08-01,160.032
2015-09-01,218.6925
2015-10-01,200.044
2015-11-01,181.715
2015-12-01,102.665
2016-01-01,34.458
2016-02-01,30.7275
2016-03-01,38.644999999999996
2016-04-01,55.970000000000006
2016-05-01,70.51
2016-06-01,56.655
2016-07-01,88.652
2016-08-01,112.4375
2016-09-01,137.28199999999998
2016-10-01,203.93599999999998
2016-11-01,165.81
2016-12-01,124.19200000000001
2017-01-01,115.07000000000001
2017-02-01,137.4375
2017-03-01,219.595
2017-04-01,382.606
2017-05-01,384.4925
2017-06-01,61.45
2017-07-01,307.634
2017-08-01,502.57500000000005
2017-09-01,525.9480000000001
2017-10-01,533.82
2017-11-01,405.805
2017-12-01,230.96599999999998
2018-01-01,172.10999999999999
2018-02-01,192.0725
2018-03-01,189.48600000000002
2018-04-01,139.95
2018-05-01,343.8775
2018-06-01,480.264
2018-07-01,505.18
2018-08-01,505.18
2018-09-01,460.51599999999996
2018-10-01,241.9775
2018-11-01,122.6625
2018-12-01,85.594
2019-01-01,205.2075
2019-02-01,443.7
2019-03-01,228.244
2019-04-01,170.7125
2019-05-01,134.3625
2019-06-01,91.796
2019-07-01,190.95499999999998
2019-08-01,231.692
2019-09-01,226.35000000000002
2019-10-01,279.88
2019-11-01,303.618
2019-12-01,232.405
2020-01-01,331.3125
2020-02-01,156.788
2020-03-01,155.9575
2020-04-01,39.68
2020-05-01,77.912
2020-06-01,114.2475
2020-07-01,88.1775
2020-08-01,83.096
2020-09-01,110.8575
2020-10-01,309.412
2020-11-01,538.96
2020-12-01,223.5575
2021-01-01,227.64600000000002
2021-02-01,162.6275
2021-03-01,104.39750000000001
2021-04-01,140.3625
2021-05-01,229.35999999999999
2021-06-01,366.45
2021-07-01,583.88
2021-08-01,583.88
2021-09-01,575.1625
2021-10-01,220.27599999999998
2021-11-01,81.5275
2021-12-01,68.3125
2022-01-01,62.093999999999994
2022-02-01,55.7
2022-03-01,55.7
2022-04-01,55.7
2022-05-01,55.7
2022-06-01,55.715
2022-07-01,73.452
2022-08-01,69.145
2022-09-01,55.7
2022-10-01,55.7
2022-11-01,55.7
2022-12-01,55.7
2023-01-01,69.04
2023-02-01,69.04
2023-03-01,69.04
2023-04-01,69.04
2023-05-01,69.04
2023-06-01,69.04
2023-07-01,69.04
2023-08-01,69.04
2023-09-01,79.262
2023-10-01,74.8275
2023-11-01,85.5
2023-12-01,72.37800000000001
2024-01-01,61.1475
2024-02-01,61.2025
2024-03-01,61.07000000000001
2024-04-01,61.07
2024-05-01,61.07
2024-06-01,73.508
2024-07-01,80.9225
2024-08-01,143.23600000000002
2024-09-01,371.6225
2024-10-01,447.7
2024-11-01,94.42
2024-12-01,60.805
2025-01-01,59.2775
2025-02-01,93.83
2025-03-01,326.632
2025-04-01,187.3
2025-05-01,247.76
2025-06-01,216.2325
2025-07-01,219.2875
2025-08-01,284.644
2025-09-01,260.98
2025-10-01,247.64
2025-11-01,290.618
2025-12-01,241.2225
2026-01-01,282.892
2026-02-01,409.5775
2026-03-01,407.97749999999996
2026-04-01,247.07
2026-05-01,239.36999999999998
2026-06-01,184.3125
2026-07-01,136.5475
2026-08-01,135.628
2026-09-01,130.26
