data,previsto_mwh,banda_inferior_mwh,banda_superior_mwh
2026-04-01,283448.63524521096,257909.91320961746,308987.3572808045
2026-05-01,278136.5004137262,253076.4017264495,303196.59910100297
2026-06-01,263037.83240086766,239338.12370154948,286737.54110018583
2026-07-01,241767.33420068427,219984.09738920262,263550.5710121659
2026-08-01,221256.14614138886,201320.96737404974,241191.324908728
2026-09-01,212486.39904516508,193341.37449119572,231631.42359913446
2026-10-01,214871.37167128356,195511.4610837009,234231.2822588662
2026-11-01,226519.63150043614,206110.21270224685,246929.05029862546
2026-12-01,241008.91360719345,219294.01049118533,262723.8167232016
2027-01-01,252965.44963665836,230173.26262439546,275757.6366489213
2027-02-01,261243.63618225133,237705.5845622305,284781.6878022722
2027-03-01,267046.6090681241,242985.7095910861,291107.5085451621
2027-04-01,269918.71121300315,245599.03533271156,294238.38709329476
2027-05-01,269941.6139262701,245619.8745115132,294263.35334102705
2027-06-01,262691.01749923744,239022.55682255616,286359.47817591875
2027-07-01,248799.41101265865,226382.5840804181,271216.2379448992
2027-08-01,233727.4628319448,212668.6184307866,254786.30723310306
2027-09-01,224324.4289857053,204112.79793409328,244536.06003731737
2027-10-01,223533.4292408295,203393.06726623076,243673.79121542824
2027-11-01,230007.9811775831,209284.26207348288,250731.70028168336
2027-12-01,240037.44432395062,218410.07059036268,261664.8180575386
2028-01-01,250329.91698406945,227775.1914638048,272884.6425043341
2028-02-01,258242.9714689533,234975.2797396006,281510.663198306
2028-03-01,264148.55552641046,240348.7706734809,287948.34037934005
2028-04-01,267810.9766827112,243681.20768359894,291940.7456818235
2028-05-01,268807.35329307365,244587.81076136773,293026.8958247796
2028-06-01,264380.52275939716,240559.8376587755,288201.2078600189
2028-07-01,255066.53553100553,232085.04067966194,278048.03038234916
2028-08-01,243694.1022154249,221737.26360581513,265650.9408250347
2028-09-01,234874.76180774142,213712.54576886393,256036.97784661895
2028-10-01,231836.83633445657,210948.33738072205,252725.33528819113
2028-11-01,234785.92400383652,213631.71225109085,255940.13575658223
2028-12-01,241714.1033503377,219935.6626384723,263492.54406220315
2029-01-01,250127.0918249662,227590.64085153674,272663.5427983957
2029-02-01,258061.3868641308,234810.05590767262,281312.717820589
2029-03-01,263933.4855176903,240153.07847254642,287713.8925628342
2029-04-01,267913.4959761607,243774.4899887086,292052.5019636128
2029-05-01,269306.3517963537,245041.84949950225,293570.8540932052
2029-06-01,266690.4560069634,242661.645920736,290719.2660931908
2029-07-01,260150.45342791957,236710.89757406403,283590.00928177516
2029-08-01,251261.79514372174,228623.10740127243,273900.4828861711
2029-09-01,243225.55713759028,221310.9344394934,265140.17983568716
2029-10-01,239000.5745137639,217466.62275007376,260534.52627745402
2029-11-01,239636.67189945222,218045.4077613116,261227.93603759288
2029-12-01,244215.6693296631,222211.83752306047,266219.50113626575
2030-01-01,250883.4660418157,228278.86575144812,273488.0663321833
2030-02-01,257847.30245722155,234615.2605058259,281079.34440861724
2030-03-01,263819.8573224739,240049.688177719,287590.02646722883
2030-04-01,267999.7862499611,243853.00550883965,292146.5669910826
2030-05-01,269732.9252716477,245429.98870467226,294035.8618386232
2030-06-01,268411.80121715,244227.8979274848,292595.70450681524
2030-07-01,263831.75971722417,240060.51816670227,287603.0012677461
2030-08-01,256879.41642124043,233734.5810016867,280024.2518407942
2030-09-01,249775.97535611037,227271.15997652482,272280.7907356959
2030-10-01,245045.1618367894,222966.5927552947,267123.73091828416
2030-11-01,244109.2159815277,222114.97562159205,266103.4563414634
2030-12-01,246796.43426128503,224560.07553434325,269032.7929882268
