classe,data,consumo_mwh,numero_uc,consumo_medio_kwh_uc
Comercial,1994-01-01,77720.983,0.0,
Comercial,1994-02-01,77214.332,0.0,
Comercial,1994-03-01,79659.559,0.0,
Comercial,1994-04-01,77696.54299999999,0.0,
Comercial,1994-05-01,69609.93400000001,0.0,
Comercial,1994-06-01,68379.684,0.0,
Comercial,1994-07-01,65826.657,0.0,
Comercial,1994-08-01,62667.34199999999,0.0,
Comercial,1994-09-01,69516.822,0.0,
Comercial,1994-10-01,69791.23300000001,0.0,
Comercial,1994-11-01,69970.26100000001,0.0,
Comercial,1994-12-01,78711.11,105651.0,745.011
Comercial,1995-01-01,89050.90400000001,106649.0,834.991
Comercial,1995-02-01,89734.214,107584.0,834.085
Comercial,1995-03-01,92127.135,108250.0,851.059
Comercial,1995-04-01,85088.815,108797.0,782.088
Comercial,1995-05-01,78224.14199999999,109428.0,714.846
Comercial,1995-06-01,76129.579,110034.0,691.873
Comercial,1995-07-01,77970.25099999999,110647.0,704.676
Comercial,1995-08-01,76356.99,111243.0,686.398
Comercial,1995-09-01,79421.98599999999,111687.0,711.112
Comercial,1995-10-01,82434.20700000001,112161.0,734.963
Comercial,1995-11-01,83081.83899999999,112764.0,736.776
Comercial,1995-12-01,87547.87299999999,113362.0,772.286
Comercial,1996-01-01,96276.481,114068.0,844.027
Comercial,1996-02-01,100214.41499999998,114660.0,874.014
Comercial,1996-03-01,97170.709,115204.0,843.466
Comercial,1996-04-01,97294.859,115632.0,841.418
Comercial,1996-05-01,91290.62000000001,116202.0,785.62
Comercial,1996-06-01,82346.136,116700.0,705.622
Comercial,1996-07-01,85056.01699999999,117179.0,725.864
Comercial,1996-08-01,81962.06599999999,117628.0,696.79
Comercial,1996-09-01,82631.775,111651.0,740.09
Comercial,1996-10-01,83614.267,111915.0,747.123
Comercial,1996-11-01,88301.447,112610.0,784.135
Comercial,1996-12-01,94788.28,112989.0,838.916
Comercial,1997-01-01,111258.14199999999,113424.0,980.905
Comercial,1997-02-01,110302.81799999997,113699.0,970.13
Comercial,1997-03-01,109127.03,114143.0,956.055
Comercial,1997-04-01,104072.95300000001,114583.0,908.276
Comercial,1997-05-01,97106.07599999999,114920.0,844.988
Comercial,1997-06-01,91794.169,115273.0,796.32
Comercial,1997-07-01,91405.275,115347.0,792.437
Comercial,1997-08-01,91581.473,115655.0,791.851
Comercial,1997-09-01,96608.437,116233.0,831.162
Comercial,1997-10-01,97921.717,116735.0,838.838
Comercial,1997-11-01,98739.956,117260.0,842.06
Comercial,1997-12-01,106931.00399999999,119400.0,895.57
Comercial,1998-01-01,120507.82400000001,120407.0,1000.837
Comercial,1998-02-01,121717.74100000001,120806.0,1007.547
Comercial,1998-03-01,122099.515,121312.0,1006.492
Comercial,1998-04-01,111999.16,121792.0,919.594
Comercial,1998-05-01,105564.894,122191.0,863.933
Comercial,1998-06-01,101831.391,122434.0,831.725
Comercial,1998-07-01,99108.81400000001,122576.0,808.55
Comercial,1998-08-01,101214.262,122681.0,825.02
Comercial,1998-09-01,101945.899,122880.0,829.638
Comercial,1998-10-01,103784.12699999998,123266.0,841.953
Comercial,1998-11-01,107821.79999999999,123852.0,870.57
Comercial,1998-12-01,115110.972,124423.0,925.158
Comercial,1999-01-01,126023.63500000001,124954.0,1008.56
Comercial,1999-02-01,123951.34300000001,125457.0,987.999
Comercial,1999-03-01,138499.984,125758.0,1101.321
Comercial,1999-04-01,126480.089,126118.0,1002.871
Comercial,1999-05-01,114249.093,126390.0,903.941
Comercial,1999-06-01,106151.795,126706.0,837.78
Comercial,1999-07-01,107433.01000000001,126923.0,846.442
Comercial,1999-08-01,108565.449,127432.0,851.948
Comercial,1999-09-01,112625.10599999999,127980.0,880.021
Comercial,1999-10-01,110753.187,128403.0,862.544
Comercial,1999-11-01,112126.75699999998,128694.0,871.266
Comercial,1999-12-01,126363.764,129529.0,975.563
Comercial,2000-01-01,137334.49899999998,130327.0,1053.769
Comercial,2000-02-01,142906.77899999998,130952.0,1091.291
Comercial,2000-03-01,147441.51,131375.0,1122.295
Comercial,2000-04-01,136290.798,131869.0,1033.532
Comercial,2000-05-01,129870.70700000001,132202.0,982.366
Comercial,2000-06-01,121273.25600000002,132559.0,914.862
Comercial,2000-07-01,119459.49100000001,133033.0,897.969
Comercial,2000-08-01,117225.66,133500.0,878.095
Comercial,2000-09-01,116364.22400000002,133885.0,869.136
Comercial,2000-10-01,128224.473,134497.0,953.363
Comercial,2000-11-01,131918.97400000002,135122.0,976.295
Comercial,2000-12-01,139528.11299999998,135888.0,1026.788
Comercial,2001-01-01,147701.18,136496.0,1082.092
Comercial,2001-02-01,156663.707,136927.0,1144.14
Comercial,2001-03-01,168621.817,137340.0,1227.769
Comercial,2001-04-01,158154.51200000002,137670.0,1148.794
Comercial,2001-05-01,140501.17200000002,138064.0,1017.652
Comercial,2001-06-01,125422.728,138612.0,904.848
Comercial,2001-07-01,119290.60699999999,138973.0,858.373
Comercial,2001-08-01,121086.366,139369.0,868.819
Comercial,2001-09-01,122595.753,139639.0,877.948
Comercial,2001-10-01,120267.33199999998,140004.0,859.028
Comercial,2001-11-01,134255.256,140315.0,956.813
Comercial,2001-12-01,137896.689,140957.0,978.289
Comercial,2002-01-01,148879.417,141481.0,1052.293
Comercial,2002-02-01,160323.78,141642.0,1131.894
Comercial,2002-03-01,154783.845,141963.0,1090.311
Comercial,2002-04-01,167583.532,142292.0,1177.744
Comercial,2002-05-01,146069.389,142574.0,1024.516
Comercial,2002-06-01,137716.77399999998,142866.0,963.958
Comercial,2002-07-01,132389.416,142974.0,925.968
Comercial,2002-08-01,131216.71399999998,143350.0,915.359
Comercial,2002-09-01,128870.43000000002,143688.0,896.877
Comercial,2002-10-01,142015.11000000002,144070.0,985.737
Comercial,2002-11-01,142024.885,144560.0,982.463
Comercial,2002-12-01,150209.287,145128.0,1035.012
Comercial,2003-01-01,167210.089,145437.0,1149.708
Comercial,2003-02-01,179080.908,145743.0,1228.744
Comercial,2003-03-01,180673.28300000002,145943.0,1237.972
Comercial,2003-04-01,154866.921,145943.0,1061.147
Comercial,2003-05-01,153924.22699999998,146268.0,1052.344
Comercial,2003-06-01,138968.199,146780.0,946.779
Comercial,2003-07-01,138514.438,146992.0,942.326
Comercial,2003-08-01,134497.34,147256.0,913.357
Comercial,2003-09-01,132149.257,147642.0,895.065
Comercial,2003-10-01,145602.35,147959.0,984.072
Comercial,2003-11-01,145670.484,148453.0,981.257
Comercial,2003-12-01,157695.76799999998,148960.0,1058.645
Comercial,2004-01-01,168276.321,149545.0,1125.255
Comercial,2004-02-01,177070.62099999998,149675.0,1183.034
Comercial,2004-03-01,184787.124,150002.0,1231.898
Comercial,2004-04-01,168315.72799999997,150237.0,1120.335
Comercial,2004-05-01,160232.33000000002,150524.0,1064.497
Comercial,2004-06-01,141185.794,150815.0,936.152
Comercial,2004-07-01,144781.48700000002,151263.0,957.151
Comercial,2004-08-01,146208.08500000002,151746.0,963.505
Comercial,2004-09-01,146725.374,152412.0,962.689
Comercial,2004-10-01,151857.96000000002,153020.0,992.406
Comercial,2004-11-01,156807.425,153458.0,1021.826
Comercial,2004-12-01,168928.19999999995,154125.0,1096.047
Comercial,2005-01-01,181931.051,154823.0,1175.091
Comercial,2005-02-01,184775.10199999998,155125.0,1191.137
Comercial,2005-03-01,191188.22600000002,155370.0,1230.535
Comercial,2005-04-01,193543.32200000001,155896.0,1241.49
Comercial,2005-05-01,170000.798,156422.0,1086.809
Comercial,2005-06-01,165177.25900000002,156882.0,1052.876
Comercial,2005-07-01,162014.08899999998,157376.0,1029.471
Comercial,2005-08-01,157898.189,158094.0,998.761
Comercial,2005-09-01,160218.868,158550.0,1010.526
Comercial,2005-10-01,160244.10299999997,158974.0,1007.989
Comercial,2005-11-01,167826.86500000002,159535.0,1051.975
Comercial,2005-12-01,188636.22499999998,160305.0,1176.733
Comercial,2006-01-01,192748.985,160848.0,1198.33
Comercial,2006-02-01,209500.669,161148.0,1300.051
Comercial,2006-03-01,214589.95200000002,161401.0,1329.545
Comercial,2006-04-01,201690.006,161849.0,1246.162
Comercial,2006-05-01,164137.735,162024.0,1013.046
Comercial,2006-06-01,171496.185,162266.0,1056.883
Comercial,2006-07-01,167628.18500000003,162420.0,1032.066
Comercial,2006-08-01,171061.188,162659.0,1051.655
Comercial,2006-09-01,171678.15600000002,163107.0,1052.549
Comercial,2006-10-01,171188.995,163641.0,1046.125
Comercial,2006-11-01,187465.995,164220.0,1141.554
Comercial,2006-12-01,196829.383,164637.0,1195.536
Comercial,2007-01-01,217290.65399999998,165258.0,1314.857
Comercial,2007-02-01,220112.75900000002,165654.0,1328.75
Comercial,2007-03-01,227268.877,166036.0,1368.793
Comercial,2007-04-01,224311.78499999997,166804.0,1344.763
Comercial,2007-05-01,207462.667,166664.0,1244.796
Comercial,2007-06-01,172237.917,166751.0,1032.905
Comercial,2007-07-01,176973.11299999998,167371.0,1057.37
Comercial,2007-08-01,174560.962,168443.0,1036.321
Comercial,2007-09-01,185358.94400000002,168841.0,1097.831
Comercial,2007-10-01,185267.04199999996,169370.0,1093.86
Comercial,2007-11-01,199307.113,170080.0,1171.843
Comercial,2007-12-01,210018.06999999998,170345.0,1232.898
Comercial,2008-01-01,220496.662,171587.0,1285.043
Comercial,2008-02-01,231076.903,169196.0,1365.735
Comercial,2008-03-01,235340.96499999997,174537.0,1348.373
Comercial,2008-04-01,222591.364,172726.0,1288.696
Comercial,2008-05-01,203528.882,172944.0,1176.848
Comercial,2008-06-01,189359.4311,173318.0,1092.555
Comercial,2008-07-01,186480.087,173799.0,1072.964
Comercial,2008-08-01,201654.785,174086.0,1158.363
Comercial,2008-09-01,195638.21199999997,174583.0,1120.603
Comercial,2008-10-01,199083.58000000002,174987.0,1137.705
Comercial,2008-11-01,214731.172,175243.0,1225.334
Comercial,2008-12-01,213740.894,175730.0,1216.303
Comercial,2009-01-01,230579.55800000002,177099.0,1301.981
Comercial,2009-02-01,246755.17,174106.0,1417.27
Comercial,2009-03-01,256898.758,177470.0,1447.562
Comercial,2009-04-01,253511.441,180339.0,1405.749
Comercial,2009-05-01,221852.155,178067.0,1245.891
Comercial,2009-06-01,199366.161,178773.0,1115.192
Comercial,2009-07-01,194230.93899999998,178915.0,1085.605
Comercial,2009-08-01,195814.86200000002,179358.0,1091.754
Comercial,2009-09-01,198308.281,179708.0,1103.503
Comercial,2009-10-01,203428.642,180217.0,1128.798
Comercial,2009-11-01,236697.57700000002,180711.0,1309.813
Comercial,2009-12-01,255224.885,178463.0,1430.128
Comercial,2010-01-01,261991.831,184966.0,1416.432
Comercial,2010-02-01,258815.53900000002,176628.0,1465.314
Comercial,2010-03-01,282306.846,188252.0,1499.622
Comercial,2010-04-01,261491.63299999997,183216.0,1427.231
Comercial,2010-05-01,228530.604,183821.0,1243.224
Comercial,2010-06-01,217087.746,184071.0,1179.37
Comercial,2010-07-01,208810.11599999998,185010.0,1128.642
Comercial,2010-08-01,209787.32800000004,185124.0,1133.226
Comercial,2010-09-01,220797.467,185582.0,1189.757
Comercial,2010-10-01,212569.745,181714.0,1169.804
Comercial,2010-11-01,236489.907,191476.0,1235.089
Comercial,2010-12-01,246764.44,187403.0,1316.758
Comercial,2011-01-01,271658.333,188675.0,1439.822
Comercial,2011-02-01,286154.14,188882.0,1514.989
Comercial,2011-03-01,277765.68200000003,189555.0,1465.357
Comercial,2011-04-01,262308.74700000003,190210.0,1379.048
Comercial,2011-05-01,245947.87,190881.0,1288.488
Comercial,2011-06-01,241060.14500000002,208120.0,1158.275
Comercial,2011-07-01,229314.696,210660.0,1088.554
Comercial,2011-08-01,237954.85643797996,211343.0,1125.918
Comercial,2011-09-01,244662.023,212220.0,1152.87
Comercial,2011-10-01,250217.674,212188.0,1179.226
Comercial,2011-11-01,257237.86100000003,212915.0,1208.172
Comercial,2011-12-01,282465.25600000005,213600.0,1322.403
Comercial,2012-01-01,290442.497,214925.0,1351.367
Comercial,2012-02-01,322230.466,215174.0,1497.534
Comercial,2012-03-01,346829.789,215927.0,1606.236
Comercial,2012-04-01,305580.584,216597.0,1410.826
Comercial,2012-05-01,280190.988,217044.0,1290.941
Comercial,2012-06-01,256310.29199999996,217494.0,1178.471
Comercial,2012-07-01,252715.133,218368.0,1157.29
Comercial,2012-08-01,266228.295,219116.0,1215.011
Comercial,2012-09-01,263809.625138,220045.0,1198.889
Comercial,2012-10-01,268031.07742700004,221081.0,1212.366
Comercial,2012-11-01,296148.99539399997,221541.0,1336.768
Comercial,2012-12-01,318493.955492,222319.0,1432.599
Comercial,2013-01-01,328108.786508,223600.0,1467.392
Comercial,2013-02-01,333295.59403100004,223866.0,1488.817
Comercial,2013-03-01,335478.004539,224348.0,1495.347
Comercial,2013-04-01,303186.609773,225250.0,1346.0
Comercial,2013-05-01,296479.73827000003,225925.0,1312.293
Comercial,2013-06-01,278070.99600299995,226481.0,1227.79
Comercial,2013-07-01,276097.33545099996,227319.0,1214.581
Comercial,2013-08-01,274941.537633,227816.0,1206.858
Comercial,2013-09-01,264383.66750700003,228683.0,1156.114
Comercial,2013-10-01,286589.035674,229781.0,1247.227
Comercial,2013-11-01,308021.957328,230376.0,1337.04
Comercial,2013-12-01,317892.95026799996,231276.0,1374.518
Comercial,2014-01-01,359731.08166200004,232507.0,1547.184
Comercial,2014-02-01,410898.40266699996,232777.0,1765.202
Comercial,2014-03-01,354170.29779599997,233725.0,1515.329
Comercial,2014-04-01,335914.337282,234634.0,1431.652
Comercial,2014-05-01,318561.2437,234834.0,1356.538
Comercial,2014-06-01,286639.157431,236110.0,1214.007
Comercial,2014-07-01,280356.20204899996,236955.0,1183.162
Comercial,2014-08-01,296643.290462,237498.0,1249.035
Comercial,2014-09-01,289165.334451,238481.0,1212.53
Comercial,2014-10-01,310905.6419800001,239510.0,1298.09
Comercial,2014-11-01,347271.93328999996,240330.0,1444.98
Comercial,2014-12-01,356751.390391,241093.0,1479.725
Comercial,2015-01-01,374847.09837100003,242302.0,1547.024
Comercial,2015-02-01,393702.92862499994,242685.0,1622.28
Comercial,2015-03-01,358426.290842,243436.0,1472.364
Comercial,2015-04-01,361052.518513,244276.0,1478.052
Comercial,2015-05-01,309934.88578300003,244716.0,1266.508
Comercial,2015-06-01,304665.016335,245477.0,1241.114
Comercial,2015-07-01,276044.80484500004,246078.0,1121.778
Comercial,2015-08-01,296877.84224800003,246872.0,1202.558
Comercial,2015-09-01,290643.901422,247586.0,1173.911
Comercial,2015-10-01,299016.490399,248081.0,1205.318
Comercial,2015-11-01,306151.23498899996,248687.0,1231.071
Comercial,2015-12-01,323165.73078499996,249166.0,1296.99
Comercial,2016-01-01,364641.122658,250221.0,1457.276
Comercial,2016-02-01,377113.383609,250250.0,1506.947
Comercial,2016-03-01,363545.76660800003,250703.0,1450.105
Comercial,2016-04-01,378331.66099999996,251299.0,1505.504
Comercial,2016-05-01,318525.29500000004,251902.0,1264.481
Comercial,2016-06-01,278636.24550099997,252379.0,1104.039
Comercial,2016-07-01,278311.33155400003,252515.0,1102.158
Comercial,2016-08-01,277750.288715,253303.0,1096.514
Comercial,2016-09-01,286840.958612,253589.0,1131.125
Comercial,2016-10-01,289886.01272600004,254221.0,1140.291
Comercial,2016-11-01,312578.663021,254690.0,1227.291
Comercial,2016-12-01,324881.24575900007,255145.0,1273.32
Comercial,2017-01-01,387962.24802,256204.0,1514.271
Comercial,2017-02-01,377371.490298,256229.0,1472.79
Comercial,2017-03-01,398764.76870899997,257276.0,1549.949
Comercial,2017-04-01,345862.417843,257634.0,1342.456
Comercial,2017-05-01,297976.29380900005,258510.0,1152.668
Comercial,2017-06-01,302140.67015200004,258907.0,1166.985
Comercial,2017-07-01,285886.998937,259512.0,1101.633
Comercial,2017-08-01,293200.865288,260138.0,1127.097
Comercial,2017-09-01,304074.052443,260651.0,1166.595
Comercial,2017-10-01,309527.82136600005,261337.0,1184.401
Comercial,2017-11-01,323804.39185899997,262439.0,1233.827
Comercial,2017-12-01,343335.755321,263044.0,1305.241
Comercial,2018-01-01,366994.076017,264305.0,1388.525
Comercial,2018-02-01,382543.379085,264430.0,1446.672
Comercial,2018-03-01,377945.320941,265183.0,1425.225
Comercial,2018-04-01,367773.758646,266203.0,1381.554
Comercial,2018-05-01,350221.886378,266885.0,1312.258
Comercial,2018-06-01,302733.942652,267481.0,1131.796
Comercial,2018-07-01,292441.903982,268098.0,1090.802
Comercial,2018-08-01,292306.34971900005,268723.0,1087.761
Comercial,2018-09-01,301680.664698,269206.0,1120.631
Comercial,2018-10-01,319800.282359,270193.0,1183.599
Comercial,2018-11-01,331259.715258,271025.0,1222.248
Comercial,2018-12-01,363164.962944,271587.0,1337.196
Comercial,2019-01-01,424122.33542400005,272820.0,1554.587
Comercial,2019-02-01,430712.57131400006,272950.0,1577.991
Comercial,2019-03-01,391839.53959199996,273867.0,1430.766
Comercial,2019-04-01,381410.97156800004,274512.0,1389.415
Comercial,2019-05-01,353870.655377,275312.0,1285.344
Comercial,2019-06-01,320295.277854,275273.0,1163.555
Comercial,2019-07-01,302094.681315,275889.0,1094.986
Comercial,2019-08-01,307374.42878300004,276718.0,1110.786
Comercial,2019-09-01,308178.650909,277339.0,1111.198
Comercial,2019-10-01,334798.411019,278062.0,1204.042
Comercial,2019-11-01,366697.158617,278825.0,1315.152
Comercial,2019-12-01,380497.45432200003,280028.0,1358.784
Comercial,2020-01-01,422317.04230699997,314589.0,1342.441
Comercial,2020-02-01,427016.19594,280335.0,1523.235
Comercial,2020-03-01,385373.731392,276422.0,1394.15
Comercial,2020-04-01,322855.612969,282907.0,1141.208
Comercial,2020-05-01,292593.544701,282538.0,1035.59
Comercial,2020-06-01,288332.249291,282224.0,1021.643
Comercial,2020-07-01,291365.16277299996,282594.0,1031.038
Comercial,2020-08-01,290161.07206700003,283185.0,1024.634
Comercial,2020-09-01,310760.866137,284002.0,1094.221
Comercial,2020-10-01,335858.97808200005,285060.0,1178.205
Comercial,2020-11-01,353524.97982500005,286372.0,1234.496
Comercial,2020-12-01,395125.39936499996,287505.0,1374.325
Comercial,2021-01-01,375349.331774,288654.0,1300.343
Comercial,2021-02-01,405575.89561300003,289206.0,1402.377
Comercial,2021-03-01,429995.196551,290386.0,1480.771
Comercial,2021-04-01,409164.52881499997,291058.0,1405.783
Comercial,2021-05-01,354671.37025299994,291891.0,1215.082
Comercial,2021-06-01,332265.094249,292676.0,1135.266
Comercial,2021-07-01,336826.85338900005,293683.0,1146.906
Comercial,2021-08-01,341831.859105,294870.0,1159.263
Comercial,2021-09-01,347209.39000899997,295623.0,1174.501
Comercial,2021-10-01,353842.112617,296847.0,1192.002
Comercial,2021-11-01,373174.865216,298072.0,1251.962
Comercial,2021-12-01,416922.488454,299127.0,1393.798
Comercial,2022-01-01,451732.616387,300432.0,1503.61
Comercial,2022-02-01,471639.952356,300654.0,1568.713
Comercial,2022-03-01,486983.14726800006,302003.0,1612.511
Comercial,2022-04-01,431966.366209,302566.0,1427.676
Comercial,2022-05-01,385668.599316,303667.0,1270.038
Comercial,2022-06-01,362015.859457,304155.0,1190.235
Comercial,2022-07-01,362821.126344,304997.0,1189.589
Comercial,2022-08-01,368488.80185499997,307995.0,1196.412
Comercial,2022-09-01,358518.089546,307047.0,1167.633
Comercial,2022-10-01,368899.69737500005,307956.0,1197.897
Comercial,2022-11-01,390647.1295919999,309032.0,1264.099
Comercial,2022-12-01,441023.689455,309697.0,1424.049
Comercial,2023-01-01,459425.892183,311048.0,1477.026
Comercial,2023-02-01,509854.738587,311943.0,1634.448
Comercial,2023-03-01,522074.72466899996,314024.0,1662.531
Comercial,2023-04-01,482876.669662,312865.0,1543.403
Comercial,2023-05-01,424877.421141,313957.0,1353.298
Comercial,2023-06-01,399608.12205899996,314538.0,1270.461
Comercial,2023-07-01,374541.416803,317038.0,1181.377
Comercial,2023-08-01,374389.814547,317630.0,1178.698
Comercial,2023-09-01,387947.21715299995,317904.0,1220.328
Comercial,2023-10-01,417039.966044,319169.0,1306.643
Comercial,2023-11-01,410611.09767800005,319627.0,1284.657
Comercial,2023-12-01,481815.437055,320324.0,1504.15
Comercial,2024-01-01,516464.3314680001,322153.0,1603.165
Comercial,2024-02-01,543006.2465909999,322242.0,1685.088
Comercial,2024-03-01,540504.7509560001,323140.0,1672.664
Comercial,2024-04-01,537622.9851609999,324396.0,1657.305
Comercial,2024-05-01,458122.2417416299,320125.0,1431.073
Comercial,2024-06-01,391413.8025443147,321702.0,1216.697
Comercial,2024-07-01,371552.11358637386,322407.0,1152.432
Comercial,2024-08-01,366480.4038554328,322992.0,1134.642
Comercial,2024-09-01,372693.39898049814,325399.0,1145.343
Comercial,2024-10-01,402471.77916190063,326080.0,1234.273
Comercial,2024-11-01,437240.0834045551,326986.0,1337.183
Comercial,2024-12-01,443729.38512198586,329760.0,1345.613
Comercial,2025-01-01,470638.7394424509,331128.0,1421.32
Comercial,2025-02-01,515244.74643276585,331156.0,1555.897
Comercial,2025-03-01,529615.0791794101,332360.0,1593.498
Comercial,2025-04-01,475783.50697920006,335732.0,1417.153
Comercial,2025-05-01,432964.9393777,337704.0,1282.084
Comercial,2025-06-01,387095.4622268,336381.0,1150.765
Comercial,2025-07-01,380143.39142309997,339060.0,1121.168
Comercial,2025-08-01,378651.16836979997,341202.0,1109.757
Comercial,2025-09-01,388514.77312110004,345082.0,1125.862
Comercial,2025-10-01,397037.3797917082,344594.5105959023,1152.187
Comercial,2025-11-01,407368.2358287517,345136.63549419737,1180.31
Comercial,2025-12-01,446692.56411270564,344876.54034280195,1295.225
Comercial,2026-01-01,491997.4996675467,347347.06944278686,1416.444
Comercial,2026-02-01,493716.58820072573,345152.12047652283,1430.432
Comercial,2026-03-01,543027.1384075356,348701.273346021,1557.285
Residencial,1994-01-01,165806.561,0.0,
Residencial,1994-02-01,165937.964,0.0,
Residencial,1994-03-01,157694.163,0.0,
Residencial,1994-04-01,163280.096,0.0,
Residencial,1994-05-01,155156.164,0.0,
Residencial,1994-06-01,158537.142,0.0,
Residencial,1994-07-01,149929.7,0.0,
Residencial,1994-08-01,147992.54,0.0,
Residencial,1994-09-01,162535.99699999997,0.0,
Residencial,1994-10-01,169115.54100000003,0.0,
Residencial,1994-11-01,161834.147,0.0,
Residencial,1994-12-01,162812.702,1020566.0,159.532
Residencial,1995-01-01,190937.073,1026550.0,185.999
Residencial,1995-02-01,189022.614,1031012.0,183.337
Residencial,1995-03-01,188287.63799999998,1035367.0,181.856
Residencial,1995-04-01,177932.47799999997,1038862.0,171.276
Residencial,1995-05-01,173605.945,1042798.0,166.481
Residencial,1995-06-01,169412.12,1046496.0,161.885
Residencial,1995-07-01,180936.38199999998,1050228.0,172.283
Residencial,1995-08-01,177094.94600000003,1054418.0,167.955
Residencial,1995-09-01,192333.18,1058284.0,181.741
Residencial,1995-10-01,184315.119,1061214.0,173.683
Residencial,1995-11-01,187869.47000000003,1065434.0,176.331
Residencial,1995-12-01,181266.63300000003,1069422.0,169.5
Residencial,1996-01-01,209674.867,1074150.0,195.201
Residencial,1996-02-01,206079.81800000003,1079729.0,190.863
Residencial,1996-03-01,207791.04200000002,1083317.0,191.81
Residencial,1996-04-01,205423.93300000002,1086595.0,189.053
Residencial,1996-05-01,200118.235,1090708.0,183.476
Residencial,1996-06-01,192982.723,1094291.0,176.354
Residencial,1996-07-01,192302.43300000002,1098532.0,175.054
Residencial,1996-08-01,190305.32,1101629.0,172.749
Residencial,1996-09-01,190695.49300000002,1105162.0,172.55
Residencial,1996-10-01,204779.839,1107740.0,184.863
Residencial,1996-11-01,191579.65099999998,1111925.0,172.295
Residencial,1996-12-01,198943.22000000003,1116804.0,178.136
Residencial,1997-01-01,239446.626,1121714.0,213.465
Residencial,1997-02-01,232723.75499999998,1126776.0,206.54
Residencial,1997-03-01,218055.83899999998,1130717.0,192.847
Residencial,1997-04-01,211027.88800000004,1134163.0,186.065
Residencial,1997-05-01,214178.61099999998,1137710.0,188.254
Residencial,1997-06-01,201545.03999999998,1141663.0,176.536
Residencial,1997-07-01,206848.99700000003,1144940.0,180.664
Residencial,1997-08-01,208781.407,1147932.0,181.876
Residencial,1997-09-01,208303.82,1151726.0,180.862
Residencial,1997-10-01,216149.587,1155664.0,187.035
Residencial,1997-11-01,213238.82,1159689.0,183.876
Residencial,1997-12-01,204919.046,1163684.0,176.095
Residencial,1998-01-01,255547.81799999997,1168367.0,218.722
Residencial,1998-02-01,238372.54500000004,1172105.0,203.371
Residencial,1998-03-01,238861.73700000002,1175916.0,203.128
Residencial,1998-04-01,221718.331,1179750.0,187.937
Residencial,1998-05-01,231824.353,1183329.0,195.909
Residencial,1998-06-01,210797.76,1186749.0,177.626
Residencial,1998-07-01,215385.44999999995,1189985.0,180.998
Residencial,1998-08-01,222500.427,1192724.0,186.548
Residencial,1998-09-01,222106.91700000002,1195644.0,185.763
Residencial,1998-10-01,226293.97300000003,1199243.0,188.697
Residencial,1998-11-01,224414.58500000002,1204779.0,186.27
Residencial,1998-12-01,214848.27999999997,1210217.0,177.529
Residencial,1999-01-01,269097.78800000006,1216084.0,221.282
Residencial,1999-02-01,239045.79599999997,1220918.0,195.792
Residencial,1999-03-01,253513.32599999997,1225016.0,206.947
Residencial,1999-04-01,254417.37300000002,1228894.0,207.03
Residencial,1999-05-01,230436.23400000003,1232824.0,186.917
Residencial,1999-06-01,220503.122,1236024.0,178.397
Residencial,1999-07-01,228028.817,1239439.0,183.977
Residencial,1999-08-01,229412.72400000002,1243355.0,184.511
Residencial,1999-09-01,237420.02800000002,1247744.0,190.279
Residencial,1999-10-01,227762.29599999997,1251539.0,181.986
Residencial,1999-11-01,226594.70600000003,1255420.0,180.493
Residencial,1999-12-01,230540.64999999997,1260832.0,182.848
Residencial,2000-01-01,263392.179,1267233.0,207.848
Residencial,2000-02-01,263060.697,1272470.0,206.732
Residencial,2000-03-01,256670.96999999997,1276742.0,201.036
Residencial,2000-04-01,247952.26299999998,1280824.0,193.588
Residencial,2000-05-01,245190.731,1284875.0,190.828
Residencial,2000-06-01,228921.83100000003,1288881.0,177.613
Residencial,2000-07-01,240603.39099999997,1293520.0,186.007
Residencial,2000-08-01,239513.63999999998,1297601.0,184.582
Residencial,2000-09-01,249620.00300000003,1301970.0,191.725
Residencial,2000-10-01,240694.443,1307114.0,184.142
Residencial,2000-11-01,241032.772,1312308.0,183.671
Residencial,2000-12-01,242383.924,1318503.0,183.833
Residencial,2001-01-01,273598.09400000004,1324763.0,206.526
Residencial,2001-02-01,286130.82700000005,1329678.0,215.188
Residencial,2001-03-01,280280.317,1334157.0,210.08
Residencial,2001-04-01,270372.177,1337895.0,202.088
Residencial,2001-05-01,253663.88700000002,1341260.0,189.124
Residencial,2001-06-01,231318.836,1345125.0,171.968
Residencial,2001-07-01,218907.607,1348680.0,162.312
Residencial,2001-08-01,228500.259,1353383.0,168.836
Residencial,2001-09-01,236199.96899999998,1356775.0,174.089
Residencial,2001-10-01,228155.325,1359446.0,167.83
Residencial,2001-11-01,228297.39,1361456.0,167.686
Residencial,2001-12-01,240770.603,1365640.0,176.306
Residencial,2002-01-01,257228.35100000002,1371589.0,187.54
Residencial,2002-02-01,267756.115,1375369.0,194.679
Residencial,2002-03-01,254888.78399999999,1379068.0,184.827
Residencial,2002-04-01,274609.04199999996,1382629.0,198.614
Residencial,2002-05-01,247734.11899999998,1385924.0,178.75
Residencial,2002-06-01,246161.957,1389077.0,177.213
Residencial,2002-07-01,236737.13499999995,1391707.0,170.106
Residencial,2002-08-01,239852.527,1395450.0,171.882
Residencial,2002-09-01,236968.06,1398286.0,169.47
Residencial,2002-10-01,246387.521,1401872.0,175.756
Residencial,2002-11-01,247983.90499999997,1406183.0,176.353
Residencial,2002-12-01,250482.374,1411572.0,177.449
Residencial,2003-01-01,285864.475,1416715.0,201.78
Residencial,2003-02-01,287643.292,1422151.0,202.259
Residencial,2003-03-01,283733.24100000004,1426799.0,198.86
Residencial,2003-04-01,245608.348,1429789.0,171.779
Residencial,2003-05-01,267019.161,1433581.0,186.26
Residencial,2003-06-01,241219.727,1436825.0,167.884
Residencial,2003-07-01,241664.961,1440209.0,167.799
Residencial,2003-08-01,246380.739,1444025.0,170.621
Residencial,2003-09-01,233459.802,1447722.0,161.26
Residencial,2003-10-01,246474.395,1451684.0,169.785
Residencial,2003-11-01,255111.888,1455904.0,175.226
Residencial,2003-12-01,249617.779,1461018.0,170.852
Residencial,2004-01-01,282930.765,1466850.0,192.883
Residencial,2004-02-01,271720.199,1471671.0,184.634
Residencial,2004-03-01,275220.088,1475845.0,186.483
Residencial,2004-04-01,268903.76499999996,1479253.0,181.783
Residencial,2004-05-01,255926.57799999998,1483620.0,172.501
Residencial,2004-06-01,245912.064,1487354.0,165.335
Residencial,2004-07-01,249177.96499999997,1491650.0,167.049
Residencial,2004-08-01,254442.881,1495867.0,170.097
Residencial,2004-09-01,264102.179,1500098.0,176.057
Residencial,2004-10-01,255693.574,1504657.0,169.935
Residencial,2004-11-01,253603.262,1508820.0,168.081
Residencial,2004-12-01,261511.15300000002,1514443.0,172.678
Residencial,2005-01-01,293208.89599999995,1519992.0,192.902
Residencial,2005-02-01,286798.903,1524604.0,188.114
Residencial,2005-03-01,277357.071,1528510.0,181.456
Residencial,2005-04-01,299365.617,1532123.0,195.393
Residencial,2005-05-01,266311.343,1535889.0,173.392
Residencial,2005-06-01,268390.63100000005,1539530.0,174.333
Residencial,2005-07-01,267257.003,1543185.0,173.185
Residencial,2005-08-01,271416.109,1547717.0,175.365
Residencial,2005-09-01,274668.213,1551597.0,177.023
Residencial,2005-10-01,270803.051,1555099.0,174.139
Residencial,2005-11-01,267618.33900000004,1559420.0,171.614
Residencial,2005-12-01,281940.571,1564770.0,180.18
Residencial,2006-01-01,292077.917,1570660.0,185.959
Residencial,2006-02-01,322626.787,1574953.0,204.849
Residencial,2006-03-01,316842.74799999996,1579052.0,200.654
Residencial,2006-04-01,298375.267,1583824.0,188.389
Residencial,2006-05-01,255717.25800000003,1586766.0,161.156
Residencial,2006-06-01,276605.45900000003,1590368.0,173.925
Residencial,2006-07-01,274624.082,1593811.0,172.307
Residencial,2006-08-01,273756.378,1597578.0,171.357
Residencial,2006-09-01,290712.562,1601138.0,181.566
Residencial,2006-10-01,266755.17,1606186.0,166.08
Residencial,2006-11-01,297670.831,1610904.0,184.785
Residencial,2006-12-01,282836.997,1616156.0,175.006
Residencial,2007-01-01,334051.044,1621772.0,205.979
Residencial,2007-02-01,337283.722,1626782.0,207.332
Residencial,2007-03-01,325777.008,1630818.0,199.763
Residencial,2007-04-01,329606.793,1634579.0,201.646
Residencial,2007-05-01,320421.674,1631973.0,196.34
Residencial,2007-06-01,275439.63300000003,1634695.0,168.496
Residencial,2007-07-01,271081.64400000003,1640835.0,165.21
Residencial,2007-08-01,306365.81799999997,1649292.0,185.756
Residencial,2007-09-01,306040.732,1653547.0,185.081
Residencial,2007-10-01,285937.353,1658568.0,172.4
Residencial,2007-11-01,309508.12799999997,1663196.0,186.092
Residencial,2007-12-01,295085.07499999995,1666907.0,177.026
Residencial,2008-01-01,342256.6969999999,1675172.0,204.311
Residencial,2008-02-01,355122.95999999996,1654269.0,214.671
Residencial,2008-03-01,312564.798,1707669.0,183.036
Residencial,2008-04-01,308828.84500000003,1687458.0,183.014
Residencial,2008-05-01,320081.45900000003,1690738.0,189.315
Residencial,2008-06-01,295385.343,1694959.0,174.273
Residencial,2008-07-01,296370.71199999994,1700729.0,174.261
Residencial,2008-08-01,322187.20999999996,1702797.0,189.211
Residencial,2008-09-01,300378.522,1706150.0,176.056
Residencial,2008-10-01,310716.194,1711715.0,181.523
Residencial,2008-11-01,332598.52800000005,1714792.0,193.959
Residencial,2008-12-01,304721.223,1717734.0,177.397
Residencial,2009-01-01,361459.90099999995,1727248.0,209.269
Residencial,2009-02-01,344538.92500000005,1701829.0,202.452
Residencial,2009-03-01,356819.06000000006,1733833.0,205.798
Residencial,2009-04-01,356949.203,1763715.0,202.385
Residencial,2009-05-01,331813.16400000005,1741192.0,190.567
Residencial,2009-06-01,318398.081,1747447.0,182.208
Residencial,2009-07-01,322904.83,1751417.0,184.368
Residencial,2009-08-01,335634.285,1753719.0,191.384
Residencial,2009-09-01,325195.662,1757558.0,185.027
Residencial,2009-10-01,325760.624,1762360.0,184.843
Residencial,2009-11-01,351837.574,1766243.0,199.201
Residencial,2009-12-01,347316.371,1745915.0,198.931
Residencial,2010-01-01,424005.31799999997,1806433.0,234.72
Residencial,2010-02-01,376737.45300000004,1733254.0,217.358
Residencial,2010-03-01,398977.963,1837477.0,217.134
Residencial,2010-04-01,373438.723,1792320.0,208.355
Residencial,2010-05-01,333064.45999999996,1797157.0,185.329
Residencial,2010-06-01,342441.29999999993,1799982.0,190.247
Residencial,2010-07-01,332294.11799999996,1806443.0,183.949
Residencial,2010-08-01,356600.218,1809311.0,197.092
Residencial,2010-09-01,351764.3080010001,1812435.0,194.084
Residencial,2010-10-01,330861.51900000003,1766094.0,187.341
Residencial,2010-11-01,347484.841,1874935.0,185.332
Residencial,2010-12-01,339859.88,1828451.0,185.873
Residencial,2011-01-01,420475.327,1837013.0,228.891
Residencial,2011-02-01,423943.761,1839983.0,230.406
Residencial,2011-03-01,391012.669,1846340.0,211.777
Residencial,2011-04-01,366260.61199999996,1850540.0,197.921
Residencial,2011-05-01,333265.43600000005,1856098.0,179.552
Residencial,2011-06-01,346374.30700000003,1844225.0,187.816
Residencial,2011-07-01,368004.819,1848851.0,199.045
Residencial,2011-08-01,357193.99881151,1853183.0,192.746
Residencial,2011-09-01,367964.05199999997,1859934.0,197.837
Residencial,2011-10-01,345586.6649999999,1860102.0,185.789
Residencial,2011-11-01,344566.70900000003,1865997.0,184.656
Residencial,2011-12-01,342505.30700000003,1870084.0,183.15
Residencial,2012-01-01,399512.687,1878470.0,212.68
Residencial,2012-02-01,433274.378,1882418.0,230.169
Residencial,2012-03-01,444287.488,1888533.0,235.255
Residencial,2012-04-01,384037.629,1892851.0,202.888
Residencial,2012-05-01,364330.04299999995,1897734.0,191.982
Residencial,2012-06-01,364883.8,1900579.0,191.986
Residencial,2012-07-01,357269.255,1906324.0,187.413
Residencial,2012-08-01,382016.721,1911706.0,199.83
Residencial,2012-09-01,372243.845,1916645.0,194.216
Residencial,2012-10-01,362194.816,1924866.0,188.166
Residencial,2012-11-01,379292.868,1930560.0,196.468
Residencial,2012-12-01,393394.34800001,1936800.0,203.116
Residencial,2013-01-01,448279.40300000005,1946727.0,230.273
Residencial,2013-02-01,458049.033,1951428.0,234.725
Residencial,2013-03-01,420715.584,1956099.0,215.079
Residencial,2013-04-01,373983.549,1962348.0,190.58
Residencial,2013-05-01,384807.74000000005,1967087.0,195.623
Residencial,2013-06-01,389587.19599999994,1972755.0,197.484
Residencial,2013-07-01,403212.76999999996,1978542.0,203.793
Residencial,2013-08-01,411431.46300001,1983051.0,207.474
Residencial,2013-09-01,387325.139,1989180.0,194.716
Residencial,2013-10-01,389983.954,1994885.0,195.492
Residencial,2013-11-01,400781.293,1999324.0,200.458
Residencial,2013-12-01,396860.413,2006227.0,197.814
Residencial,2014-01-01,525838.646,2014931.0,260.971
Residencial,2014-02-01,578856.593,2018502.0,286.775
Residencial,2014-03-01,465053.414,2024618.0,229.699
Residencial,2014-04-01,419095.0040000001,2031276.0,206.321
Residencial,2014-05-01,420448.015,2025366.0,207.591
Residencial,2014-06-01,404139.894,2042992.0,197.818
Residencial,2014-07-01,394472.707,2048967.0,192.523
Residencial,2014-08-01,430189.356,2054269.0,209.412
Residencial,2014-09-01,388730.5580000001,2061805.0,188.539
Residencial,2014-10-01,401186.96300000005,2067420.0,194.052
Residencial,2014-11-01,450994.86100000003,2073722.0,217.481
Residencial,2014-12-01,444134.415,2080657.0,213.459
Residencial,2015-01-01,552448.505,2089031.0,264.452
Residencial,2015-02-01,532104.04,2095003.0,253.987
Residencial,2015-03-01,459125.44899999996,2100992.0,218.528
Residencial,2015-04-01,454468.804,2108634.0,215.528
Residencial,2015-05-01,396244.644,2113304.0,187.5
Residencial,2015-06-01,404736.99199999997,2120473.0,190.871
Residencial,2015-07-01,375241.06700000004,2126912.0,176.425
Residencial,2015-08-01,411303.96699999995,2133467.0,192.787
Residencial,2015-09-01,388032.00100000005,2139780.0,181.342
Residencial,2015-10-01,400626.67299999995,2146052.0,186.681
Residencial,2015-11-01,407832.44,2151551.0,189.553
Residencial,2015-12-01,406637.103,2157059.0,188.515
Residencial,2016-01-01,526205.0719999999,2165108.0,243.039
Residencial,2016-02-01,514083.156,2169503.0,236.959
Residencial,2016-03-01,473146.464,2174567.0,217.582
Residencial,2016-04-01,503510.431,2179747.0,230.995
Residencial,2016-05-01,440840.853,2184575.0,201.797
Residencial,2016-06-01,418149.26900000003,2188573.0,191.06
Residencial,2016-07-01,432598.111,2191681.0,197.382
Residencial,2016-08-01,410991.71800000005,2196418.0,187.119
Residencial,2016-09-01,424851.27800000005,2199022.0,193.2
Residencial,2016-10-01,401722.44100000005,2203205.0,182.335
Residencial,2016-11-01,415220.09253799997,2208064.0,188.047
Residencial,2016-12-01,401127.93104,2213215.0,181.242
Residencial,2017-01-01,536458.137183,2221043.0,241.534
Residencial,2017-02-01,563949.8169239999,2225124.0,253.446
Residencial,2017-03-01,576574.4337499999,2232844.0,258.224
Residencial,2017-04-01,437713.138874,2236159.0,195.743
Residencial,2017-05-01,389381.23514400003,2241446.0,173.719
Residencial,2017-06-01,422840.0517780001,2244686.0,188.374
Residencial,2017-07-01,414252.458994,2248250.0,184.256
Residencial,2017-08-01,419494.73099999997,2253330.0,186.167
Residencial,2017-09-01,429832.379,2255847.0,190.541
Residencial,2017-10-01,401389.712,2260366.0,177.577
Residencial,2017-11-01,435170.94899999996,2266891.0,191.968
Residencial,2017-12-01,427725.787,2271604.0,188.292
Residencial,2018-01-01,525317.257,2280028.0,230.399
Residencial,2018-02-01,538892.1030937,2284053.0,235.937
Residencial,2018-03-01,509186.88052576996,2289794.0,222.372
Residencial,2018-04-01,474347.5659200022,2295782.0,206.617
Residencial,2018-05-01,466564.65986,2300869.0,202.778
Residencial,2018-06-01,448361.99727000005,2305464.0,194.478
Residencial,2018-07-01,434221.19334,2310644.0,187.922
Residencial,2018-08-01,421487.65657999995,2315437.0,182.034
Residencial,2018-09-01,444063.46791999997,2319395.0,191.457
Residencial,2018-10-01,434178.01420000003,2325235.0,186.724
Residencial,2018-11-01,439101.57584999996,2330378.0,188.425
Residencial,2018-12-01,458139.77361000003,2335964.0,196.125
Residencial,2019-01-01,661138.8504700001,2345531.0,281.872
Residencial,2019-02-01,637006.23169,2350041.0,271.062
Residencial,2019-03-01,539652.8071400002,2356318.0,229.024
Residencial,2019-04-01,484343.97716999997,2362033.0,205.054
Residencial,2019-05-01,475318.41411,2366678.0,200.838
Residencial,2019-06-01,436442.81500000006,2367190.0,184.372
Residencial,2019-07-01,437275.18074,2372631.0,184.3
Residencial,2019-08-01,457368.08228,2377764.0,192.352
Residencial,2019-09-01,452118.40700999997,2382161.0,189.793
Residencial,2019-10-01,458964.071,2387657.0,192.224
Residencial,2019-11-01,488483.01016,2392850.0,204.143
Residencial,2019-12-01,491816.53193,2399382.0,204.976
Residencial,2020-01-01,620436.4348299999,2409246.0,257.523
Residencial,2020-02-01,609959.8685600001,2413058.0,252.775
Residencial,2020-03-01,540544.87242,2418809.0,223.476
Residencial,2020-04-01,553767.69772,2423139.0,228.533
Residencial,2020-05-01,491490.61642,2424407.0,202.726
Residencial,2020-06-01,475125.41824999993,2427733.0,195.707
Residencial,2020-07-01,504484.1615599999,2432409.0,207.401
Residencial,2020-08-01,480069.78144000005,2437619.0,196.942
Residencial,2020-09-01,520967.17312,2445629.0,213.02
Residencial,2020-10-01,496298.35887,2453116.0,202.313
Residencial,2020-11-01,498347.37604,2460420.0,202.546
Residencial,2020-12-01,569694.51315,2468905.0,230.748
Residencial,2021-01-01,624111.60628,2477245.0,251.938
Residencial,2021-02-01,593343.61624,2481368.0,239.12
Residencial,2021-03-01,617697.67302,2489315.0,248.14
Residencial,2021-04-01,589699.67485,2493905.0,236.456
Residencial,2021-05-01,492467.70291,2499560.0,197.022
Residencial,2021-06-01,496551.98231,2504935.0,198.229
Residencial,2021-07-01,531971.5422200001,2510843.0,211.87
Residencial,2021-08-01,526533.27266,2517820.0,209.123
Residencial,2021-09-01,499503.73237,2523028.0,197.978
Residencial,2021-10-01,502305.29481000005,2528999.0,198.618
Residencial,2021-11-01,508939.18438,2536484.0,200.648
Residencial,2021-12-01,545167.40821,2543073.0,214.373
Residencial,2022-01-01,657408.35176,2552974.0,257.507
Residencial,2022-02-01,683446.7987500001,2555471.0,267.445
Residencial,2022-03-01,696623.2791599999,2565334.0,271.553
Residencial,2022-04-01,557548.612,2568746.0,217.051
Residencial,2022-05-01,518969.29253,2576032.0,201.461
Residencial,2022-06-01,537427.9794399999,2579999.0,208.305
Residencial,2022-07-01,523037.77609,2585937.0,202.262
Residencial,2022-08-01,523247.25074000005,2594628.0,201.666
Residencial,2022-09-01,527441.026,2598385.0,202.988
Residencial,2022-10-01,525601.38454,2604430.0,201.811
Residencial,2022-11-01,538349.82793,2610899.0,206.193
Residencial,2022-12-01,599584.8452,2616087.0,229.191
Residencial,2023-01-01,639156.54839,2626303.0,243.367
Residencial,2023-02-01,771611.48148,2626303.0,293.801
Residencial,2023-03-01,738729.2682099999,2638485.0,279.982
Residencial,2023-04-01,655354.2515099999,2642152.0,248.038
Residencial,2023-05-01,583290.3269999999,2650872.0,220.037
Residencial,2023-06-01,572709.3867500001,2654027.0,215.789
Residencial,2023-07-01,545566.3780499999,2658877.0,205.187
Residencial,2023-08-01,516770.251,2662716.0,194.076
Residencial,2023-09-01,537127.35511,2665985.0,201.474
Residencial,2023-10-01,605399.39,2674356.0,226.372
Residencial,2023-11-01,543970.696,2676160.0,203.265
Residencial,2023-12-01,646831.3300000001,2680289.0,241.329
Residencial,2024-01-01,788222.736,2692140.0,292.787
Residencial,2024-02-01,821806.884,2694099.0,305.04
Residencial,2024-03-01,762811.4239999999,2700306.0,282.491
Residencial,2024-04-01,765982.1760000001,2707952.0,282.864
Residencial,2024-05-01,677387.0730398542,2697786.0,251.09
Residencial,2024-06-01,591930.5576511731,2704500.0,218.869
Residencial,2024-07-01,596855.9736412431,2712852.0,220.011
Residencial,2024-08-01,566829.423691829,2716753.0,208.642
Residencial,2024-09-01,568988.9671946523,2726047.0,208.723
Residencial,2024-10-01,576778.1414652497,2734363.0,210.937
Residencial,2024-11-01,629526.7986323321,2741509.0,229.628
Residencial,2024-12-01,633253.5175742828,2749258.0,230.336
Residencial,2025-01-01,758319.0945569582,2757907.0,274.962
Residencial,2025-02-01,866634.5703867716,2762311.0,313.735
Residencial,2025-03-01,860607.4438367621,2770689.0,310.611
Residencial,2025-04-01,668970.4711235,2790256.0,239.752
Residencial,2025-05-01,608280.6947002,2793557.0,217.744
Residencial,2025-06-01,663255.6186503001,2788533.0,237.851
Residencial,2025-07-01,635363.4714096,2812694.0,225.891
Residencial,2025-08-01,581724.4572796,2816906.0,206.512
Residencial,2025-09-01,602316.2558148999,2849315.0,211.39
Residencial,2025-10-01,585867.3524402158,2844628.1956989183,205.956
Residencial,2025-11-01,592375.134151688,2848722.4796261676,207.944
Residencial,2025-12-01,626895.9717127203,2846164.448119783,220.26
Residencial,2026-01-01,856137.1647399383,2865912.7380524804,298.731
Residencial,2026-02-01,814189.3695920913,2847398.069166915,285.942
Residencial,2026-03-01,805881.1724377442,2876550.23083915,280.155
Rural,1994-01-01,65895.973,0.0,
Rural,1994-02-01,62859.426,0.0,
Rural,1994-03-01,60539.064999999995,0.0,
Rural,1994-04-01,68765.761,0.0,
Rural,1994-05-01,62450.91100000001,0.0,
Rural,1994-06-01,62370.521,0.0,
Rural,1994-07-01,64495.826,0.0,
Rural,1994-08-01,59934.18200000001,0.0,
Rural,1994-09-01,70798.862,0.0,
Rural,1994-10-01,62917.186,0.0,
Rural,1994-11-01,64090.820999999996,0.0,
Rural,1994-12-01,66138.481,153844.0,429.906
Rural,1995-01-01,71853.32800000001,154137.0,466.165
Rural,1995-02-01,68867.456,154419.0,445.978
Rural,1995-03-01,72300.65299999999,154663.0,467.472
Rural,1995-04-01,73108.576,154775.0,472.354
Rural,1995-05-01,67488.724,155060.0,435.243
Rural,1995-06-01,69549.525,155330.0,447.753
Rural,1995-07-01,70628.621,155383.0,454.545
Rural,1995-08-01,67989.932,155462.0,437.341
Rural,1995-09-01,68862.988,155579.0,442.624
Rural,1995-10-01,75678.045,156022.0,485.047
Rural,1995-11-01,71847.113,157129.0,457.249
Rural,1995-12-01,73286.52399999999,157154.0,466.336
Rural,1996-01-01,78295.121,157370.0,497.523
Rural,1996-02-01,76439.347,157747.0,484.569
Rural,1996-03-01,73898.79800000001,158152.0,467.264
Rural,1996-04-01,82494.07200000001,158791.0,519.514
Rural,1996-05-01,75646.66699999999,159399.0,474.574
Rural,1996-06-01,74421.92199999999,160034.0,465.038
Rural,1996-07-01,81142.189,161128.0,503.588
Rural,1996-08-01,72465.15900000001,162201.0,446.761
Rural,1996-09-01,79566.291,163396.0,486.954
Rural,1996-10-01,74540.676,164344.0,453.565
Rural,1996-11-01,76266.34,165788.0,460.023
Rural,1996-12-01,76499.795,166674.0,458.979
Rural,1997-01-01,88713.464,167062.0,531.021
Rural,1997-02-01,82912.973,167445.0,495.165
Rural,1997-03-01,83105.47899999999,167757.0,495.392
Rural,1997-04-01,84534.23,167962.0,503.294
Rural,1997-05-01,81920.764,168320.0,486.697
Rural,1997-06-01,82224.438,168712.0,487.366
Rural,1997-07-01,80983.74799999999,169440.0,477.949
Rural,1997-08-01,80436.814,169989.0,473.188
Rural,1997-09-01,86168.24799999999,170928.0,504.12
Rural,1997-10-01,82867.03400000001,171965.0,481.883
Rural,1997-11-01,81694.77900000001,172768.0,472.858
Rural,1997-12-01,85079.02100000001,173531.0,490.281
Rural,1998-01-01,92949.458,174019.0,534.134
Rural,1998-02-01,89699.893,174638.0,513.633
Rural,1998-03-01,91461.097,175561.0,520.965
Rural,1998-04-01,91252.95499999999,176024.0,518.412
Rural,1998-05-01,88823.191,178242.0,498.329
Rural,1998-06-01,89271.85900000001,179907.0,496.211
Rural,1998-07-01,93554.243,181091.0,516.615
Rural,1998-08-01,92583.101,182037.0,508.595
Rural,1998-09-01,94471.088,182834.0,516.704
Rural,1998-10-01,87357.51000000001,183467.0,476.148
Rural,1998-11-01,89683.03700000001,184096.0,487.154
Rural,1998-12-01,93116.91500000001,184522.0,504.639
Rural,1999-01-01,96901.875,184689.0,524.676
Rural,1999-02-01,94016.74299999999,184938.0,508.369
Rural,1999-03-01,101015.101,185062.0,545.845
Rural,1999-04-01,97269.866,185177.0,525.28
Rural,1999-05-01,96544.821,185340.0,520.907
Rural,1999-06-01,93036.1,185507.0,501.523
Rural,1999-07-01,93552.69399999999,185714.0,503.746
Rural,1999-08-01,93755.12500000001,185735.0,504.779
Rural,1999-09-01,96595.818,185851.0,519.749
Rural,1999-10-01,95029.144,186157.0,510.478
Rural,1999-11-01,95414.508,186402.0,511.875
Rural,1999-12-01,98349.42800000001,186554.0,527.19
Rural,2000-01-01,102992.76299999999,186736.0,551.542
Rural,2000-02-01,103414.31700000001,186866.0,553.414
Rural,2000-03-01,106838.25899999999,187013.0,571.288
Rural,2000-04-01,104096.141,187189.0,556.102
Rural,2000-05-01,102407.989,187527.0,546.097
Rural,2000-06-01,102270.29000000001,187916.0,544.234
Rural,2000-07-01,102128.988,188473.0,541.876
Rural,2000-08-01,101739.682,189162.0,537.844
Rural,2000-09-01,93092.476,190164.0,489.538
Rural,2000-10-01,110661.753,190826.0,579.909
Rural,2000-11-01,104752.48499999999,191506.0,546.993
Rural,2000-12-01,106606.283,191999.0,555.244
Rural,2001-01-01,108874.87700000001,192584.0,565.337
Rural,2001-02-01,106345.652,193263.0,550.264
Rural,2001-03-01,118914.25099999999,193830.0,613.498
Rural,2001-04-01,114105.52299999999,194231.0,587.473
Rural,2001-05-01,111087.68400000001,194800.0,570.265
Rural,2001-06-01,104306.11,195428.0,533.732
Rural,2001-07-01,100794.53400000001,195943.0,514.407
Rural,2001-08-01,104114.37700000001,195407.0,532.808
Rural,2001-09-01,101049.155,195462.0,516.976
Rural,2001-10-01,100053.348,195809.0,510.974
Rural,2001-11-01,112177.699,196949.0,569.577
Rural,2001-12-01,106813.47700000001,197587.0,540.59
Rural,2002-01-01,112193.735,196861.0,569.913
Rural,2002-02-01,108013.47200000001,197285.0,547.5
Rural,2002-03-01,102640.845,197566.0,519.527
Rural,2002-04-01,115026.57,197729.0,581.738
Rural,2002-05-01,104475.637,197806.0,528.172
Rural,2002-06-01,104953.62000000001,198214.0,529.497
Rural,2002-07-01,106142.18899999998,199133.0,533.022
Rural,2002-08-01,100060.71500000001,199427.0,501.741
Rural,2002-09-01,98390.88500000001,199724.0,492.634
Rural,2002-10-01,107275.46800000001,200134.0,536.018
Rural,2002-11-01,94731.26800000001,200469.0,472.548
Rural,2002-12-01,105184.84899999999,200795.0,523.842
Rural,2003-01-01,113448.807,200964.0,564.523
Rural,2003-02-01,119280.947,201203.0,592.839
Rural,2003-03-01,113094.61600000001,201338.0,561.715
Rural,2003-04-01,107317.369,201457.0,532.706
Rural,2003-05-01,114011.309,201745.0,565.126
Rural,2003-06-01,103327.617,202090.0,511.295
Rural,2003-07-01,108543.688,202462.0,536.119
Rural,2003-08-01,103117.98200000002,202792.0,508.491
Rural,2003-09-01,101666.519,203100.0,500.574
Rural,2003-10-01,115627.018,203743.0,567.514
Rural,2003-11-01,110351.05099999999,204161.0,540.51
Rural,2003-12-01,112739.672,204365.0,551.658
Rural,2004-01-01,121672.65400000001,204744.0,594.267
Rural,2004-02-01,125882.256,205293.0,613.183
Rural,2004-03-01,127253.01999999999,205916.0,617.985
Rural,2004-04-01,121105.35200000001,206480.0,586.523
Rural,2004-05-01,121231.515,206649.0,586.654
Rural,2004-06-01,111201.04400000001,207201.0,536.682
Rural,2004-07-01,114328.35800000001,207454.0,551.102
Rural,2004-08-01,111609.134,207592.0,537.637
Rural,2004-09-01,114277.78700000001,208102.0,549.143
Rural,2004-10-01,115178.39199999999,208520.0,552.361
Rural,2004-11-01,117317.523,208894.0,561.613
Rural,2004-12-01,122675.80399999999,209346.0,585.995
Rural,2005-01-01,133336.23500000002,209719.0,635.785
Rural,2005-02-01,131952.511,210077.0,628.115
Rural,2005-03-01,132821.434,210248.0,631.737
Rural,2005-04-01,136254.973,210391.0,647.627
Rural,2005-05-01,123610.954,210639.0,586.838
Rural,2005-06-01,120367.79800000001,210975.0,570.531
Rural,2005-07-01,122752.384,211612.0,580.082
Rural,2005-08-01,119818.995,212132.0,564.832
Rural,2005-09-01,121428.346,212407.0,571.678
Rural,2005-10-01,126392.829,212802.0,593.946
Rural,2005-11-01,125349.74299999999,213242.0,587.829
Rural,2005-12-01,135552.696,213942.0,633.596
Rural,2006-01-01,133143.282,214619.0,620.37
Rural,2006-02-01,135343.515,215001.0,629.502
Rural,2006-03-01,144917.744,215491.0,672.5
Rural,2006-04-01,133754.909,215945.0,619.393
Rural,2006-05-01,120755.57999999999,216257.0,558.389
Rural,2006-06-01,130515.54699999999,216522.0,602.782
Rural,2006-07-01,123507.618,216746.0,569.827
Rural,2006-08-01,128445.36200000001,217013.0,591.879
Rural,2006-09-01,127387.082,217470.0,585.769
Rural,2006-10-01,125973.37999999999,218186.0,577.367
Rural,2006-11-01,138500.24,218760.0,633.115
Rural,2006-12-01,139005.37,219278.0,633.923
Rural,2007-01-01,145145.428,219732.0,660.557
Rural,2007-02-01,143459.765,220384.0,650.954
Rural,2007-03-01,143240.663,220742.0,648.905
Rural,2007-04-01,142945.688,221116.0,646.474
Rural,2007-05-01,139737.459,216550.0,645.29
Rural,2007-06-01,125966.63900000001,216918.0,580.711
Rural,2007-07-01,130954.035,217589.0,601.841
Rural,2007-08-01,131307.886,218432.0,601.139
Rural,2007-09-01,138430.89500000002,218683.0,633.021
Rural,2007-10-01,130837.726,219367.0,596.433
Rural,2007-11-01,137279.63,219671.0,624.933
Rural,2007-12-01,141453.937,220002.0,642.967
Rural,2008-01-01,153582.794,220521.0,696.454
Rural,2008-02-01,153081.0,214720.0,712.933
Rural,2008-03-01,150346.28000000003,226601.0,663.485
Rural,2008-04-01,142130.305,221049.0,642.981
Rural,2008-05-01,142240.988,221149.0,643.191
Rural,2008-06-01,135475.43,221292.0,612.202
Rural,2008-07-01,133483.514,221501.0,602.632
Rural,2008-08-01,145977.86599999998,221575.0,658.819
Rural,2008-09-01,142093.24599999998,221763.0,640.744
Rural,2008-10-01,140634.738,222509.0,632.041
Rural,2008-11-01,145675.965,222426.0,654.941
Rural,2008-12-01,154303.627,222663.0,692.992
Rural,2009-01-01,141062.36,223137.0,632.178
Rural,2009-02-01,115831.663,217275.0,533.111
Rural,2009-03-01,105424.334,223644.0,471.394
Rural,2009-04-01,107139.45300000001,230006.0,465.812
Rural,2009-05-01,99625.773,224055.0,444.649
Rural,2009-06-01,94952.62900000002,224423.0,423.097
Rural,2009-07-01,94352.81999999999,224776.0,419.764
Rural,2009-08-01,96866.161,224970.0,430.574
Rural,2009-09-01,95201.369,225252.0,422.644
Rural,2009-10-01,98168.53699999998,225563.0,435.216
Rural,2009-11-01,109600.47499999999,225868.0,485.241
Rural,2009-12-01,107229.50099999999,219394.0,488.753
Rural,2010-01-01,122670.634,233451.0,525.466
Rural,2010-02-01,109743.11099999999,213404.0,514.25
Rural,2010-03-01,119540.77699999999,240132.0,497.813
Rural,2010-04-01,104891.549,226999.0,462.079
Rural,2010-05-01,95359.511,227116.0,419.871
Rural,2010-06-01,94492.871,226914.0,416.426
Rural,2010-07-01,92989.15299999999,226451.0,410.637
Rural,2010-08-01,91518.584,227348.0,402.548
Rural,2010-09-01,89683.663,226918.0,395.225
Rural,2010-10-01,83322.37899999999,218500.0,381.338
Rural,2010-11-01,92504.987,236749.0,390.73
Rural,2010-12-01,91024.921,228078.0,399.096
Rural,2011-01-01,107714.00600000001,228395.0,471.613
Rural,2011-02-01,104204.149,228650.0,455.736
Rural,2011-03-01,98759.4,228694.0,431.841
Rural,2011-04-01,91681.219,228690.0,400.897
Rural,2011-05-01,85872.24799999999,228814.0,375.293
Rural,2011-06-01,87405.56999999999,228728.0,382.138
Rural,2011-07-01,86949.298,228808.0,380.01
Rural,2011-08-01,87910.16378424,228994.0,383.897
Rural,2011-09-01,89662.98999999999,229487.0,390.711
Rural,2011-10-01,88933.042,229030.0,388.303
Rural,2011-11-01,90402.38500000001,229041.0,394.7
Rural,2011-12-01,93798.227,229110.0,409.403
Rural,2012-01-01,103351.793,229339.0,450.651
Rural,2012-02-01,112366.658,229466.0,489.688
Rural,2012-03-01,111987.85499999998,229608.0,487.735
Rural,2012-04-01,101420.869,229596.0,441.736
Rural,2012-05-01,96056.632,229712.0,418.161
Rural,2012-06-01,91652.437,229779.0,398.872
Rural,2012-07-01,89799.054,229955.0,390.507
Rural,2012-08-01,94086.50099999999,229803.0,409.422
Rural,2012-09-01,97694.43701600001,229790.0,425.147
Rural,2012-10-01,95671.006744,230065.0,415.843
Rural,2012-11-01,100788.220692,230113.0,437.994
Rural,2012-12-01,103931.189596,230126.0,451.627
Rural,2013-01-01,112645.257568,230491.0,488.719
Rural,2013-02-01,121817.134868,230433.0,528.644
Rural,2013-03-01,107635.08314,230537.0,466.889
Rural,2013-04-01,95808.968652,230623.0,415.435
Rural,2013-05-01,102554.5497,230597.0,444.735
Rural,2013-06-01,98105.19193999999,230403.0,425.798
Rural,2013-07-01,99770.19214,230441.0,432.953
Rural,2013-08-01,97680.82,230503.0,423.772
Rural,2013-09-01,94480.972608,230658.0,409.615
Rural,2013-10-01,98448.71154399999,230749.0,426.648
Rural,2013-11-01,108225.50375199999,230806.0,468.902
Rural,2013-12-01,106083.793532,230869.0,459.498
Rural,2014-01-01,142106.90098399998,231214.0,614.612
Rural,2014-02-01,139827.39783600002,231292.0,604.549
Rural,2014-03-01,115398.485964,231375.0,498.751
Rural,2014-04-01,103961.32938400001,231632.0,448.821
Rural,2014-05-01,106306.309344,230427.0,461.345
Rural,2014-06-01,103555.832944,232018.0,446.327
Rural,2014-07-01,99121.12282,232104.0,427.055
Rural,2014-08-01,103420.23932400001,232081.0,445.621
Rural,2014-09-01,96949.893756,232330.0,417.294
Rural,2014-10-01,115252.176364,232473.0,495.766
Rural,2014-11-01,120120.997722,232916.0,515.727
Rural,2014-12-01,123267.18356599999,233044.0,528.944
Rural,2015-01-01,133588.00141199998,233406.0,572.342
Rural,2015-02-01,128460.88986,233435.0,550.307
Rural,2015-03-01,110647.814436,233595.0,473.674
Rural,2015-04-01,110505.215576,233656.0,472.94
Rural,2015-05-01,114228.248988,233695.0,488.792
Rural,2015-06-01,103984.044168,233874.0,444.616
Rural,2015-07-01,96721.205384,233877.0,413.556
Rural,2015-08-01,107325.921775,233931.0,458.793
Rural,2015-09-01,103389.98026,233935.0,441.96
Rural,2015-10-01,106492.24455199999,234170.0,454.765
Rural,2015-11-01,108897.82628800001,234367.0,464.647
Rural,2015-12-01,113523.87804799998,234340.0,484.441
Rural,2016-01-01,130550.34388,234557.0,556.583
Rural,2016-02-01,124391.17850799998,234589.0,530.252
Rural,2016-03-01,109513.69452,234456.0,467.097
Rural,2016-04-01,117894.553,234454.0,502.847
Rural,2016-05-01,105460.94600000001,234440.0,449.842
Rural,2016-06-01,102774.48317200001,234030.0,439.151
Rural,2016-07-01,103513.54488,233456.0,443.396
Rural,2016-08-01,103964.093124,234392.0,443.548
Rural,2016-09-01,108272.799988,234419.0,461.877
Rural,2016-10-01,102038.91727600001,234599.0,434.95
Rural,2016-11-01,115245.842994,234570.0,491.307
Rural,2016-12-01,114730.941557,234604.0,489.041
Rural,2017-01-01,130194.292536,234903.0,554.247
Rural,2017-02-01,136880.902558,234844.0,582.859
Rural,2017-03-01,131356.460801,234959.0,559.061
Rural,2017-04-01,116133.058794,234877.0,494.442
Rural,2017-05-01,102988.600232,234904.0,438.428
Rural,2017-06-01,108876.394429,234883.0,463.535
Rural,2017-07-01,107409.546511,234780.0,457.49
Rural,2017-08-01,111229.388652,234682.0,473.958
Rural,2017-09-01,118496.307256,234677.0,504.934
Rural,2017-10-01,123126.95648399998,234670.0,524.681
Rural,2017-11-01,118324.817036,234694.0,504.166
Rural,2017-12-01,121368.424268,234545.0,517.463
Rural,2018-01-01,137038.637084,234724.0,583.829
Rural,2018-02-01,142663.904106,234581.0,608.165
Rural,2018-03-01,130331.05790399999,234616.0,555.508
Rural,2018-04-01,119213.111092,234560.0,508.241
Rural,2018-05-01,118165.484012,234589.0,503.713
Rural,2018-06-01,111574.62665,234610.0,475.575
Rural,2018-07-01,108541.509184,234473.0,462.917
Rural,2018-08-01,112882.646696,234694.0,480.978
Rural,2018-09-01,113705.93611400001,234695.0,484.484
Rural,2018-10-01,114673.24802599999,234789.0,488.41
Rural,2018-11-01,119624.40455,234864.0,509.335
Rural,2018-12-01,124766.03844799999,234766.0,531.448
Rural,2019-01-01,148247.899352,234983.0,630.888
Rural,2019-02-01,125344.01726,234953.0,533.485
Rural,2019-03-01,105078.13187200001,234804.0,447.514
Rural,2019-04-01,97923.759618,234668.0,417.286
Rural,2019-05-01,95768.967578,234590.0,408.24
Rural,2019-06-01,90911.49455999999,234300.0,388.013
Rural,2019-07-01,89715.815008,234109.0,383.222
Rural,2019-08-01,93352.420148,233914.0,399.089
Rural,2019-09-01,93995.47086,233727.0,402.159
Rural,2019-10-01,98793.11028,233454.0,423.18
Rural,2019-11-01,103632.29501599999,233075.0,444.631
Rural,2019-12-01,110957.431256,232392.0,477.458
Rural,2020-01-01,117358.38582599998,197879.0,593.082
Rural,2020-02-01,129647.408658,232696.0,557.154
Rural,2020-03-01,119403.497,237893.0,501.921
Rural,2020-04-01,103975.66030799999,232309.0,447.575
Rural,2020-05-01,95953.46726199999,232360.0,412.952
Rural,2020-06-01,93033.107204,232376.0,400.356
Rural,2020-07-01,93382.802992,232397.0,401.824
Rural,2020-08-01,93032.02791799998,232446.0,400.231
Rural,2020-09-01,101983.107844,232540.0,438.562
Rural,2020-10-01,103822.313562,232619.0,446.319
Rural,2020-11-01,104373.35399599999,232686.0,448.559
Rural,2020-12-01,115447.455974,232644.0,496.241
Rural,2021-01-01,124645.12492,232513.0,536.078
Rural,2021-02-01,115883.90862599999,232389.0,498.663
Rural,2021-03-01,112709.645576,232215.0,485.368
Rural,2021-04-01,107812.94614400002,232073.0,464.565
Rural,2021-05-01,96546.110128,231961.0,416.217
Rural,2021-06-01,94963.073032,231791.0,409.693
Rural,2021-07-01,97937.134896,231584.0,422.901
Rural,2021-08-01,98657.824664,231391.0,426.368
Rural,2021-09-01,98891.607564,231181.0,427.767
Rural,2021-10-01,98370.558048,231004.0,425.839
Rural,2021-11-01,102302.00736,230826.0,443.2
Rural,2021-12-01,114023.74565200001,230669.0,494.318
Rural,2022-01-01,129311.810296,230473.0,561.071
Rural,2022-02-01,119991.113752,230201.0,521.245
Rural,2022-03-01,114700.28734,230041.0,498.608
Rural,2022-04-01,98523.75818799999,229765.0,428.802
Rural,2022-05-01,95637.82352,229518.0,416.69
Rural,2022-06-01,94861.14446,229262.0,413.767
Rural,2022-07-01,91865.169682,229007.0,401.146
Rural,2022-08-01,94335.960032,228813.0,412.284
Rural,2022-09-01,93351.539104,228199.0,409.08
Rural,2022-10-01,93749.21088,227997.0,411.186
Rural,2022-11-01,98562.084156,227699.0,432.861
Rural,2022-12-01,108614.078732,227347.0,477.746
Rural,2023-01-01,114017.629512,227059.0,502.15
Rural,2023-02-01,121757.234796,227067.0,536.217
Rural,2023-03-01,112352.91260800001,226479.0,496.085
Rural,2023-04-01,104737.357388,226129.0,463.175
Rural,2023-05-01,97138.01140400002,225844.0,430.111
Rural,2023-06-01,97063.32409800001,225544.0,430.352
Rural,2023-07-01,92899.75195800001,225196.0,412.528
Rural,2023-08-01,89197.680844,224861.0,396.679
Rural,2023-09-01,91996.016336,224136.0,410.447
Rural,2023-10-01,102962.78204,223637.0,460.401
Rural,2023-11-01,95889.98620099999,223227.0,429.563
Rural,2023-12-01,110535.620774,222897.0,495.904
Rural,2024-01-01,121746.422929,222679.0,546.735
Rural,2024-02-01,121676.970289,222169.0,547.678
Rural,2024-03-01,108801.064653,221805.0,490.526
Rural,2024-04-01,110103.26781300001,221483.0,497.118
Rural,2024-05-01,90874.1108460356,220328.0,412.449
Rural,2024-06-01,82072.37283825577,219662.0,373.63
Rural,2024-07-01,81060.07625630549,218519.0,370.952
Rural,2024-08-01,76265.1704560516,217491.0,350.659
Rural,2024-09-01,78527.44562048654,216954.0,361.954
Rural,2024-10-01,80659.70770004293,215931.0,373.544
Rural,2024-11-01,85640.20941904241,214905.0,398.503
Rural,2024-12-01,88738.96083817529,214081.0,414.511
Rural,2025-01-01,100074.93620134867,213284.0,469.21
Rural,2025-02-01,99827.68648550272,212412.0,469.972
Rural,2025-03-01,91473.57884094397,211442.0,432.618
Rural,2025-04-01,79960.82385320001,209805.0,381.12
Rural,2025-05-01,77147.4476991,213177.0,361.894
Rural,2025-06-01,72142.6786178,205528.0,351.011
Rural,2025-07-01,77975.4150125,211052.0,369.461
Rural,2025-08-01,72875.608482,207994.0,350.374
Rural,2025-09-01,73780.94765059999,206478.0,357.331
Rural,2025-10-01,74917.38396513739,206145.4013401156,363.42
Rural,2025-11-01,73782.52729927725,206443.0668814012,357.399
Rural,2025-12-01,78337.01667680296,206258.71583712782,379.8
Rural,2026-01-01,94561.9163616938,207692.64667300772,455.297
Rural,2026-02-01,88674.49959489853,206351.10212840413,429.726
Rural,2026-03-01,86910.56392756305,208463.42310462636,416.91
