data,consumo_mwh,tarifa_cativo_rs_mwh,tusd_rs_mwh,pld_rs_mwh,custo_cativo_rs,custo_livre_rs,economia_pct
2026-04-01,283448.63524521096,695.6800000000001,373.75,247.07,197189546.5673884,175970581.73293185,10.76069457221713
2026-05-01,278136.5004137262,695.6800000000001,373.75,239.37,193494000.60782105,170531051.1336638,11.867525298988046
2026-06-01,263037.83240086766,695.6800000000001,373.75,184.3125,182990159.24463564,146791550.3442092,19.78172435602578
2026-07-01,241767.33420068427,695.6800000000001,373.75,136.5475,168192699.05673206,123373266.22427368,26.647668468261283
2026-08-01,221256.1461413889,695.6800000000001,373.75,135.628,153923475.74764144,112703013.20920838,26.779841306347762
2026-09-01,212486.39904516508,759.75,414.04,130.26,161436541.67456415,115656347.00028335,28.358012504113194
2026-10-01,214871.3716712836,759.75,414.04,209.22870000000003,163248524.6272577,133922600.48877777,17.963974991773597
2026-11-01,226519.6315004361,759.75,414.04,121.5531,172098290.03245634,121322351.64617623,29.50403422178348
2026-12-01,241008.91360719345,759.75,414.04,99.6836,183106522.1130652,123811966.73037641,32.38254689042447
2027-01-01,252965.4496366584,759.75,414.04,127.01616666666666,192190500.3614512,136868516.47952014,28.784973127125134
2027-02-01,261243.63618225133,759.75,414.04,141.99625,198479852.58946544,145260931.79914334,26.813260941099042
2027-03-01,267046.6090681241,759.75,414.04,170.80283333333333,202888661.2395073,156180295.47946072,23.021673796204897
2027-04-01,269918.71121300315,759.75,414.04,126.75708333333334,205070740.84407914,145971251.7610844,28.819074256882736
2027-05-01,269941.6139262701,759.75,414.04,150.38333333333333,205088141.1804837,152361345.53764513,25.709334210814955
2027-06-01,262691.01749923744,759.75,414.04,160.87633333333335,199579500.54504564,151025356.5802641,24.328222002851817
2027-07-01,248799.41101265865,759.75,414.04,205.3164,189025352.5168674,154095507.52692062,18.47892069759789
2027-08-01,233727.4628319448,759.75,414.04,229.98900000000003,177574439.88657007,150527264.16019458,15.231457716354067
2027-09-01,224324.4289857053,763.4481215420194,416.0553606360747,268.54540000000003,171260063.92512286,153572674.712867,10.327795521546122
2027-10-01,223533.4292408295,767.1642438776414,418.0805311419528,209.22870000000003,171486854.2249172,140224583.63158888,18.230126580038394
2027-11-01,230007.9811775831,770.8984546266389,420.1155592676717,121.5531,177312797.24159187,124588114.78532532,29.73540730082117
2027-12-01,240037.44432395065,774.6508418352788,422.1604929956944,99.6836,185945208.31753725,125262122.41823651,32.6349285622207
2028-01-01,250329.91698406945,778.4214939783977,424.2153805420412,127.01616666666666,194862187.96622762,137989747.451756,29.18598067077458
2028-02-01,258242.9714689533,782.2104999614874,426.28027035742576,141.99625,202000363.82427007,146753417.23313874,27.349924299737072
2028-03-01,264148.55552641046,786.0179491227922,428.3552111283987,170.80283333333333,207625505.87861714,158266731.97659534,23.7729818854135
2028-04-01,267810.9766827112,789.8439312354145,430.4402517784943,126.75708333333334,211528874.65106857,149223562.52130252,29.454755164061147
2028-05-01,268807.35329307365,793.6885365094323,432.5354414693852,150.38333333333333,213349314.83815357,156692853.03956,26.555727090838367
2028-06-01,264380.5227593972,797.551855594025,434.64082960204036,160.87633333333335,210857176.50967562,157443138.8490472,25.331856636227602
2028-07-01,255066.53553100556,801.4339795796121,436.7564658178909,205.3164,204418988.62819833,163771301.44263366,19.884496767321142
2028-08-01,243694.1022154249,805.335,438.8824,229.98900000000003,196255389.80765924,163000015.32057437,16.94494837552075
2028-09-01,234874.76180774145,809.2550088345406,441.01868227423915,268.54540000000003,190073577.44173443,166658694.81149057,12.318851965324594
2028-10-01,231836.83633445657,813.1940985102998,443.16536301046995,209.22870000000003,188528347.12447834,151248975.61172947,19.773881265788994
2028-11-01,234785.92400383647,817.1523619042373,445.32249282373203,121.5531,191855872.34160373,133094409.8563425,30.627919681621798
2028-12-01,241714.1033503377,821.1298923453957,447.4901225754362,99.6836,198478675.66242665,132259605.729188,33.363317098036426
2029-01-01,250127.0918249662,825.1267836171015,449.66830337456366,127.01616666666666,206386562.77303377,144244409.39203477,30.109592672143876
2029-02-01,258061.3868641308,829.1431299591767,451.8570865788714,141.99625,213969826.02613136,153250615.631435,28.377464020221684
2029-03-01,263933.4855176903,833.1790260701598,454.0565237961026,170.80283333333333,219903844.41093183,164921308.08551526,25.002990044444758
2029-04-01,267913.4959761607,837.2345671095394,456.26666688520396,126.75708333333334,224306439.8264042,156199931.1581802,30.363153514867054
2029-05-01,269306.3517963537,841.3098486999983,458.48756795754826,150.38333333333333,226570086.08373883,163972801.1416051,27.628221370317252
2029-06-01,266690.4560069634,845.4049669296667,460.7192793781628,160.87633333333335,225461436.14102462,165773617.40595672,26.47362660181654
2029-07-01,260150.4534279196,849.5200183543889,462.9618537669644,205.3164,221003017.97098884,173852890.73349407,21.334607857565178
2029-08-01,251261.7951437217,853.6551000000001,465.2153440000001,229.98900000000003,214490912.8595933,174678291.46515346,18.56144899737611
2029-09-01,243225.55713759028,857.810309364613,467.4798032106935,268.54540000000003,208641390.41357666,179020140.11822903,14.197207100964624
2029-10-01,239000.5745137639,861.9857444209179,469.7552847910982,209.22870000000003,206015088.13927382,162277562.4507172,21.230253610836712
2029-11-01,239636.67189945225,866.1815036184915,472.041842393156,121.5531,207568852.78799868,142247116.451443,31.469912493697848
2029-12-01,244215.6693296631,870.3976858861195,474.3395299299624,99.6836,212564753.4416685,140185442.8865539,34.050476094089014
2030-01-01,250883.4660418157,874.6343906341277,476.64840157703753,127.01616666666666,219431307.44166136,151449459.20761672,30.980924748907352
2030-02-01,257847.30245722155,878.8917177567274,478.9685117736037,141.99625,226619858.5755659,160114088.74431494,29.346841115018506
2030-03-01,263819.8573224739,883.1697676343695,481.2999152238688,170.80283333333333,232997722.08882177,172037654.08395416,26.1633751001346
2030-04-01,267999.7862499611,887.468641136112,483.6426668983163,126.75708333333334,237841406.12802145,163587002.58911175,31.22013309109905
2030-05-01,269732.9252716477,891.7884396219982,485.99682203500123,150.38333333333333,240544704.54267976,171652680.8923265,28.640008426429425
2030-06-01,268411.80121715,896.1292649454467,488.3624361408526,160.87633333333335,240531670.127408,174263347.53457227,27.55076807878723
2030-07-01,263831.75971722417,900.4912194556523,490.7395649929823,205.3164,237578183.03889382,183641670.10576913,22.70263718798404
2030-08-01,256879.41642124043,904.874406,493.12826464000005,229.98900000000003,232443609.3477966,185753940.9448469,20.086449584032103
2030-09-01,249775.9753561104,909.2789279264899,495.5285914033352,268.54540000000003,227116031.09359744,190847326.44700435,15.969240247794877
2030-10-01,245045.1618367894,913.7048890861729,497.94060187856405,209.22870000000003,223898962.41718695,173288416.0248421,22.60418978541004
2030-11-01,244109.2159815277,918.1523938356011,500.3643529367453,121.5531,224129461.01077142,151815781.84161755,32.26424533527904
2030-12-01,246796.43426128503,922.6215470392866,502.79990172576015,99.6836,227699707.98192638,148690779.92717037,34.6987392979122
