data,tusd_b3_rs_mwh,te_b3_rs_mwh,tarifa_cativo_rs_mwh
2010-08-01,,,
2010-09-01,170.38,137.7,308.08
2010-10-01,170.38,137.7,308.08
2010-11-01,170.38,137.7,308.08
2010-12-01,170.38,137.7,308.08
2011-01-01,170.38,137.7,308.08
2011-02-01,170.38,137.7,308.08
2011-03-01,170.38,137.7,308.08
2011-04-01,170.38,137.7,308.08
2011-05-01,170.38,137.7,308.08
2011-06-01,170.38,137.7,308.08
2011-07-01,170.38,137.7,308.08
2011-08-01,170.38,137.7,308.08
2011-09-01,173.9,138.68,312.58000000000004
2011-10-01,173.9,138.68,312.58000000000004
2011-11-01,173.9,138.68,312.58000000000004
2011-12-01,173.9,138.68,312.58000000000004
2012-01-01,173.9,138.68,312.58000000000004
2012-02-01,173.9,138.68,312.58000000000004
2012-03-01,173.9,138.68,312.58000000000004
2012-04-01,173.9,138.68,312.58000000000004
2012-05-01,173.9,138.68,312.58000000000004
2012-06-01,173.9,138.68,312.58000000000004
2012-07-01,173.9,138.68,312.58000000000004
2012-08-01,173.9,138.68,312.58000000000004
2012-09-01,150.02,163.38,313.4
2012-10-01,150.02,163.38,313.4
2012-11-01,150.02,163.38,313.4
2012-12-01,150.02,163.38,313.4
2013-01-01,150.02,163.38,313.4
2013-02-01,107.49,147.98,255.46999999999997
2013-03-01,107.49,147.98,255.46999999999997
2013-04-01,107.49,147.98,255.46999999999997
2013-05-01,107.49,147.98,255.46999999999997
2013-06-01,107.49,147.98,255.46999999999997
2013-07-01,107.49,147.98,255.46999999999997
2013-08-01,107.49,147.98,255.46999999999997
2013-09-01,116.82,171.86,288.68
2013-10-01,116.82,171.86,288.68
2013-11-01,116.82,171.86,288.68
2013-12-01,116.82,171.86,288.68
2014-01-01,116.82,171.86,288.68
2014-02-01,116.82,171.86,288.68
2014-03-01,116.82,171.86,288.68
2014-04-01,116.82,171.86,288.68
2014-05-01,116.82,171.86,288.68
2014-06-01,116.82,171.86,288.68
2014-07-01,116.82,171.86,288.68
2014-08-01,116.82,171.86,288.68
2014-09-01,133.7,219.79,353.49
2014-10-01,133.7,219.79,353.49
2014-11-01,133.7,219.79,353.49
2014-12-01,133.7,219.79,353.49
2015-01-01,133.7,219.79,353.49
2015-02-01,133.7,219.79,353.49
2015-03-01,133.7,219.79,353.49
2015-04-01,185.17,243.64,428.80999999999995
2015-05-01,185.17,243.64,428.80999999999995
2015-06-01,185.17,243.64,428.80999999999995
2015-07-01,185.17,243.64,428.80999999999995
2015-08-01,185.17,243.64,428.80999999999995
2015-09-01,184.64,259.72,444.36
2015-10-01,184.64,259.72,444.36
2015-11-01,184.64,259.72,444.36
2015-12-01,184.64,259.72,444.36
2016-01-01,184.64,259.72,444.36
2016-02-01,184.64,259.72,444.36
2016-03-01,184.64,259.72,444.36
2016-04-01,184.64,259.72,444.36
2016-05-01,184.64,259.72,444.36
2016-06-01,184.64,259.72,444.36
2016-07-01,184.64,259.72,444.36
2016-08-01,184.64,259.72,444.36
2016-09-01,176.49,254.93,431.42
2016-10-01,176.49,254.93,431.42
2016-11-01,176.49,254.93,431.42
2016-12-01,176.49,254.93,431.42
2017-01-01,176.49,254.93,431.42
2017-02-01,176.49,254.93,431.42
2017-03-01,176.49,254.93,431.42
2017-04-01,176.49,249.85,426.34000000000003
2017-05-01,176.49,249.85,426.34000000000003
2017-06-01,176.49,249.85,426.34000000000003
2017-07-01,176.49,249.85,426.34000000000003
2017-08-01,176.49,249.85,426.34000000000003
2017-09-01,183.07,276.78,459.84999999999997
2017-10-01,183.07,276.78,459.84999999999997
2017-11-01,183.07,276.78,459.84999999999997
2017-12-01,183.07,276.78,459.84999999999997
2018-01-01,183.07,276.78,459.84999999999997
2018-02-01,183.07,276.78,459.84999999999997
2018-03-01,183.07,276.78,459.84999999999997
2018-04-01,183.07,276.78,459.84999999999997
2018-05-01,183.07,276.78,459.84999999999997
2018-06-01,183.07,276.78,459.84999999999997
2018-07-01,183.07,276.78,459.84999999999997
2018-08-01,183.07,276.78,459.84999999999997
2018-09-01,208.72,311.77,520.49
2018-10-01,208.72,311.77,520.49
2018-11-01,208.72,311.77,520.49
2018-12-01,208.72,311.77,520.49
2019-01-01,208.72,311.77,520.49
2019-02-01,208.72,311.77,520.49
2019-03-01,208.72,311.77,520.49
2019-04-01,208.72,311.77,520.49
2019-05-01,208.72,311.77,520.49
2019-06-01,208.72,311.77,520.49
2019-07-01,208.72,311.77,520.49
2019-08-01,208.72,311.77,520.49
2019-09-01,222.36,247.42,469.78
2019-10-01,222.36,247.42,469.78
2019-11-01,222.36,247.42,469.78
2019-12-01,222.36,247.42,469.78
2020-01-01,222.36,247.42,469.78
2020-02-01,222.36,247.42,469.78
2020-03-01,222.36,247.42,469.78
2020-04-01,222.36,247.42,469.78
2020-05-01,222.36,247.42,469.78
2020-06-01,222.36,247.42,469.78
2020-07-01,222.36,247.42,469.78
2020-08-01,222.36,247.42,469.78
2020-09-01,231.59,274.4,505.99
2020-10-01,231.59,274.4,505.99
2020-11-01,231.59,274.4,505.99
2020-12-01,231.59,274.4,505.99
2021-01-01,231.59,274.4,505.99
2021-02-01,231.59,274.4,505.99
2021-03-01,231.59,274.4,505.99
2021-04-01,231.59,274.4,505.99
2021-05-01,231.59,274.4,505.99
2021-06-01,231.59,274.4,505.99
2021-07-01,231.59,274.4,505.99
2021-08-01,231.59,274.4,505.99
2021-09-01,244.85,287.39,532.24
2021-10-01,244.85,287.39,532.24
2021-11-01,244.85,287.39,532.24
2021-12-01,244.85,287.39,532.24
2022-01-01,244.85,287.39,532.24
2022-02-01,244.85,287.39,532.24
2022-03-01,244.85,287.39,532.24
2022-04-01,244.85,287.39,532.24
2022-05-01,244.85,287.39,532.24
2022-06-01,244.85,287.39,532.24
2022-07-01,244.85,287.39,532.24
2022-08-01,244.85,287.39,532.24
2022-09-01,310.49,262.53,573.02
2022-10-01,310.49,262.53,573.02
2022-11-01,310.49,262.53,573.02
2022-12-01,310.49,262.53,573.02
2023-01-01,310.49,262.53,573.02
2023-02-01,310.49,262.53,573.02
2023-03-01,310.49,262.53,573.02
2023-04-01,310.49,262.53,573.02
2023-05-01,310.49,262.53,573.02
2023-06-01,310.49,262.53,573.02
2023-07-01,310.49,262.53,573.02
2023-08-01,310.49,262.53,573.02
2023-09-01,300.39,292.57,592.96
2023-10-01,300.39,292.57,592.96
2023-11-01,300.39,292.57,592.96
2023-12-01,300.39,292.57,592.96
2024-01-01,300.39,292.57,592.96
2024-02-01,300.39,292.57,592.96
2024-03-01,300.39,292.57,592.96
2024-04-01,300.39,292.57,592.96
2024-05-01,300.39,292.57,592.96
2024-06-01,300.39,292.57,592.96
2024-07-01,300.39,292.57,592.96
2024-08-01,300.39,292.57,592.96
2024-09-01,315.67,302.24,617.9100000000001
2024-10-01,315.67,302.24,617.9100000000001
2024-11-01,315.67,302.24,617.9100000000001
2024-12-01,315.67,302.24,617.9100000000001
2025-01-01,315.67,302.24,617.9100000000001
2025-02-01,315.67,302.24,617.9100000000001
2025-03-01,315.67,302.24,617.9100000000001
2025-04-01,315.67,302.24,617.9100000000001
2025-05-01,315.67,302.24,617.9100000000001
2025-06-01,315.67,302.24,617.9100000000001
2025-07-01,315.67,302.24,617.9100000000001
2025-08-01,315.67,302.24,617.9100000000001
2025-09-01,373.75,321.93,695.6800000000001
2025-10-01,373.75,321.93,695.6800000000001
2025-11-01,373.75,321.93,695.6800000000001
2025-12-01,373.75,321.93,695.6800000000001
2026-01-01,373.75,321.93,695.6800000000001
2026-02-01,373.75,321.93,695.6800000000001
2026-03-01,373.75,321.93,695.6800000000001
2026-04-01,373.75,321.93,695.6800000000001
2026-05-01,373.75,321.93,695.6800000000001
2026-06-01,373.75,321.93,695.6800000000001
2026-07-01,373.75,321.93,695.6800000000001
2026-08-01,373.75,321.93,695.6800000000001
2026-09-01,414.04,345.71,759.75
2026-10-01,414.04,345.71,759.75
2026-11-01,414.04,345.71,759.75
2026-12-01,414.04,345.71,759.75
2027-01-01,414.04,345.71,759.75
2027-02-01,414.04,345.71,759.75
2027-03-01,414.04,345.71,759.75
2027-04-01,414.04,345.71,759.75
2027-05-01,414.04,345.71,759.75
2027-06-01,414.04,345.71,759.75
2027-07-01,414.04,345.71,759.75
2027-08-01,414.04,345.71,759.75
