"MES_REFERENCIA";"SUBMERCADO";"SEMANA";"PLD_MEDIA_SEMANA"
"202301";NORDESTE;"07/01/2023";69.04
"202301";NORTE;"07/01/2023";69.04
"202301";SUDESTE;"07/01/2023";69.04
"202301";SUL;"07/01/2023";69.04
"202301";NORDESTE;"14/01/2023";69.04
"202301";NORTE;"14/01/2023";69.04
"202301";SUDESTE;"14/01/2023";69.04
"202301";SUL;"14/01/2023";69.04
"202301";NORDESTE;"21/01/2023";69.04
"202301";NORTE;"21/01/2023";69.04
"202301";SUDESTE;"21/01/2023";69.04
"202301";SUL;"21/01/2023";69.04
"202301";NORDESTE;"28/01/2023";69.04
"202301";NORTE;"28/01/2023";69.04
"202301";SUDESTE;"28/01/2023";69.04
"202301";SUL;"28/01/2023";69.04
"202302";NORDESTE;"04/02/2023";69.04
"202302";NORTE;"04/02/2023";69.04
"202302";SUDESTE;"04/02/2023";69.04
"202302";SUL;"04/02/2023";69.04
"202302";NORDESTE;"11/02/2023";69.04
"202302";NORTE;"11/02/2023";69.04
"202302";SUDESTE;"11/02/2023";69.04
"202302";SUL;"11/02/2023";69.04
"202302";NORDESTE;"18/02/2023";69.04
"202302";NORTE;"18/02/2023";69.04
"202302";SUDESTE;"18/02/2023";69.04
"202302";SUL;"18/02/2023";69.04
"202302";NORDESTE;"25/02/2023";69.04
"202302";NORTE;"25/02/2023";69.04
"202302";SUDESTE;"25/02/2023";69.04
"202302";SUL;"25/02/2023";69.04
"202303";NORDESTE;"04/03/2023";69.04
"202303";NORTE;"04/03/2023";69.04
"202303";SUDESTE;"04/03/2023";69.04
"202303";SUL;"04/03/2023";69.04
"202303";NORDESTE;"11/03/2023";69.04
"202303";NORTE;"11/03/2023";69.04
"202303";SUDESTE;"11/03/2023";69.04
"202303";SUL;"11/03/2023";69.04
"202303";NORDESTE;"18/03/2023";69.04
"202303";NORTE;"18/03/2023";69.04
"202303";SUDESTE;"18/03/2023";69.04
"202303";SUL;"18/03/2023";69.04
"202303";NORDESTE;"25/03/2023";69.04
"202303";NORTE;"25/03/2023";69.04
"202303";SUDESTE;"25/03/2023";69.04
"202303";SUL;"25/03/2023";69.04
"202304";NORDESTE;"01/04/2023";69.04
"202304";NORTE;"01/04/2023";69.04
"202304";SUDESTE;"01/04/2023";69.04
"202304";SUL;"01/04/2023";69.04
"202304";NORDESTE;"08/04/2023";69.04
"202304";NORTE;"08/04/2023";69.04
"202304";SUDESTE;"08/04/2023";69.04
"202304";SUL;"08/04/2023";69.04
"202304";NORDESTE;"15/04/2023";69.04
"202304";NORTE;"15/04/2023";69.04
"202304";SUDESTE;"15/04/2023";69.04
"202304";SUL;"15/04/2023";69.04
"202304";NORDESTE;"22/04/2023";69.04
"202304";NORTE;"22/04/2023";69.04
"202304";SUDESTE;"22/04/2023";69.04
"202304";SUL;"22/04/2023";69.04
"202304";NORDESTE;"29/04/2023";69.04
"202304";NORTE;"29/04/2023";69.04
"202304";SUDESTE;"29/04/2023";69.04
"202304";SUL;"29/04/2023";69.04
"202305";NORDESTE;"06/05/2023";69.04
"202305";NORTE;"06/05/2023";69.04
"202305";SUDESTE;"06/05/2023";69.04
"202305";SUL;"06/05/2023";69.04
"202305";NORDESTE;"13/05/2023";69.04
"202305";NORTE;"13/05/2023";69.04
"202305";SUDESTE;"13/05/2023";69.04
"202305";SUL;"13/05/2023";69.04
"202305";NORDESTE;"20/05/2023";69.04
"202305";NORTE;"20/05/2023";69.04
"202305";SUDESTE;"20/05/2023";69.04
"202305";SUL;"20/05/2023";69.04
"202305";NORDESTE;"27/05/2023";69.04
"202305";NORTE;"27/05/2023";69.04
"202305";SUDESTE;"27/05/2023";69.04
"202305";SUL;"27/05/2023";69.04
"202306";NORDESTE;"03/06/2023";69.04
"202306";NORTE;"03/06/2023";69.04
"202306";SUDESTE;"03/06/2023";69.04
"202306";SUL;"03/06/2023";69.04
"202306";NORDESTE;"10/06/2023";69.04
"202306";NORTE;"10/06/2023";69.04
"202306";SUDESTE;"10/06/2023";69.04
"202306";SUL;"10/06/2023";69.04
"202306";NORDESTE;"17/06/2023";69.04
"202306";NORTE;"17/06/2023";69.04
"202306";SUDESTE;"17/06/2023";69.04
"202306";SUL;"17/06/2023";69.04
"202306";NORDESTE;"24/06/2023";69.04
"202306";NORTE;"24/06/2023";69.04
"202306";SUDESTE;"24/06/2023";69.04
"202306";SUL;"24/06/2023";69.04
"202307";NORDESTE;"01/07/2023";69.04
"202307";NORTE;"01/07/2023";69.04
"202307";SUDESTE;"01/07/2023";69.04
"202307";SUL;"01/07/2023";69.04
"202307";NORDESTE;"08/07/2023";69.04
"202307";NORTE;"08/07/2023";69.04
"202307";SUDESTE;"08/07/2023";69.04
"202307";SUL;"08/07/2023";69.04
"202307";NORDESTE;"15/07/2023";69.04
"202307";NORTE;"15/07/2023";69.04
"202307";SUDESTE;"15/07/2023";69.04
"202307";SUL;"15/07/2023";69.04
"202307";NORDESTE;"22/07/2023";69.04
"202307";NORTE;"22/07/2023";69.04
"202307";SUDESTE;"22/07/2023";69.04
"202307";SUL;"22/07/2023";69.04
"202307";NORDESTE;"29/07/2023";69.04
"202307";NORTE;"29/07/2023";69.04
"202307";SUDESTE;"29/07/2023";69.04
"202307";SUL;"29/07/2023";69.04
"202308";NORDESTE;"05/08/2023";69.04
"202308";NORTE;"05/08/2023";69.04
"202308";SUDESTE;"05/08/2023";69.04
"202308";SUL;"05/08/2023";69.04
"202308";NORDESTE;"12/08/2023";69.04
"202308";NORTE;"12/08/2023";69.04
"202308";SUDESTE;"12/08/2023";69.04
"202308";SUL;"12/08/2023";69.04
"202308";NORDESTE;"19/08/2023";69.04
"202308";NORTE;"19/08/2023";69.04
"202308";SUDESTE;"19/08/2023";69.04
"202308";SUL;"19/08/2023";69.04
"202308";NORDESTE;"26/08/2023";69.04
"202308";NORTE;"26/08/2023";69.04
"202308";SUDESTE;"26/08/2023";69.04
"202308";SUL;"26/08/2023";69.04
"202309";NORDESTE;"02/09/2023";69.04
"202309";NORTE;"02/09/2023";69.04
"202309";SUDESTE;"02/09/2023";69.04
"202309";SUL;"02/09/2023";69.04
"202309";NORDESTE;"09/09/2023";69.04
"202309";NORTE;"09/09/2023";69.04
"202309";SUDESTE;"09/09/2023";69.04
"202309";SUL;"09/09/2023";69.04
"202309";NORDESTE;"16/09/2023";69.04
"202309";NORTE;"16/09/2023";69.04
"202309";SUDESTE;"16/09/2023";69.04
"202309";SUL;"16/09/2023";69.04
"202309";NORDESTE;"23/09/2023";117.59
"202309";NORTE;"23/09/2023";117.59
"202309";SUDESTE;"23/09/2023";117.59
"202309";SUL;"23/09/2023";117.59
"202309";NORDESTE;"30/09/2023";71.6
"202309";NORTE;"30/09/2023";71.6
"202309";SUDESTE;"30/09/2023";71.6
"202309";SUL;"30/09/2023";71.6
"202310";NORDESTE;"07/10/2023";69.04
"202310";NORTE;"07/10/2023";69.04
"202310";SUDESTE;"07/10/2023";69.04
"202310";SUL;"07/10/2023";69.04
"202310";NORDESTE;"14/10/2023";69.04
"202310";NORTE;"14/10/2023";69.04
"202310";SUDESTE;"14/10/2023";69.04
"202310";SUL;"14/10/2023";69.04
"202310";NORDESTE;"21/10/2023";87.51
"202310";NORTE;"21/10/2023";87.51
"202310";SUDESTE;"21/10/2023";87.51
"202310";SUL;"21/10/2023";87.51
"202310";NORDESTE;"28/10/2023";73.72
"202310";NORTE;"28/10/2023";73.72
"202310";SUDESTE;"28/10/2023";73.72
"202310";SUL;"28/10/2023";73.72
"202311";NORDESTE;"04/11/2023";69.04
"202311";NORTE;"04/11/2023";69.04
"202311";SUDESTE;"04/11/2023";69.04
"202311";SUL;"04/11/2023";69.04
"202311";NORDESTE;"11/11/2023";122.46
"202311";NORTE;"11/11/2023";122.46
"202311";SUDESTE;"11/11/2023";122.46
"202311";SUL;"11/11/2023";122.46
"202311";NORDESTE;"18/11/2023";81.46
"202311";NORTE;"18/11/2023";81.46
"202311";SUDESTE;"18/11/2023";81.46
"202311";SUL;"18/11/2023";81.46
"202311";NORDESTE;"25/11/2023";69.04
"202311";NORTE;"25/11/2023";69.04
"202311";SUDESTE;"25/11/2023";69.04
"202311";SUL;"25/11/2023";69.04
"202312";NORDESTE;"02/12/2023";73.04
"202312";NORTE;"02/12/2023";73.04
"202312";SUDESTE;"02/12/2023";73.04
"202312";SUL;"02/12/2023";73.04
"202312";NORDESTE;"09/12/2023";69.04
"202312";NORTE;"09/12/2023";69.04
"202312";SUDESTE;"09/12/2023";69.04
"202312";SUL;"09/12/2023";69.04
"202312";NORDESTE;"16/12/2023";87.42
"202312";NORTE;"16/12/2023";87.42
"202312";SUDESTE;"16/12/2023";87.42
"202312";SUL;"16/12/2023";87.42
"202312";NORDESTE;"23/12/2023";69.04
"202312";NORTE;"23/12/2023";69.04
"202312";SUDESTE;"23/12/2023";69.04
"202312";SUL;"23/12/2023";69.04
"202312";NORDESTE;"30/12/2023";63.35
"202312";NORTE;"30/12/2023";63.35
"202312";SUDESTE;"30/12/2023";63.35
"202312";SUL;"30/12/2023";63.35
