ano;mes;consumo_mwh;numero_uc
1994;1;0,0;0,0
1994;2;0,0;0,0
1994;3;0,0;0,0
1994;4;0,0;0,0
1994;5;0,0;0,0
1994;6;0,0;0,0
1994;7;0,0;0,0
1994;8;0,0;0,0
1994;9;0,0;0,0
1994;10;0,0;0,0
1994;11;0,0;0,0
1994;12;0,0;0,0
1995;1;0,0;0,0
1995;2;0,0;0,0
1995;3;0,0;0,0
1995;4;0,0;0,0
1995;5;0,0;0,0
1995;6;0,0;0,0
1995;7;0,0;0,0
1995;8;0,0;0,0
1995;9;0,0;0,0
1995;10;0,0;0,0
1995;11;0,0;0,0
1995;12;0,0;0,0
1996;1;0,0;0,0
1996;2;0,0;0,0
1996;3;0,0;0,0
1996;4;0,0;0,0
1996;5;0,0;0,0
1996;6;0,0;0,0
1996;7;0,0;0,0
1996;8;0,0;0,0
1996;9;0,0;0,0
1996;10;0,0;0,0
1996;11;0,0;0,0
1996;12;0,0;0,0
1997;1;0,0;0,0
1997;2;0,0;0,0
1997;3;0,0;0,0
1997;4;0,0;0,0
1997;5;0,0;0,0
1997;6;0,0;0,0
1997;7;0,0;0,0
1997;8;0,0;0,0
1997;9;0,0;0,0
1997;10;0,0;0,0
1997;11;0,0;0,0
1997;12;0,0;0,0
1998;1;0,0;0,0
1998;2;0,0;0,0
1998;3;0,0;0,0
1998;4;0,0;0,0
1998;5;0,0;0,0
1998;6;0,0;0,0
1998;7;0,0;0,0
1998;8;0,0;0,0
1998;9;0,0;0,0
1998;10;0,0;0,0
1998;11;0,0;0,0
1998;12;0,0;0,0
1999;1;0,0;0,0
1999;2;0,0;0,0
1999;3;0,0;0,0
1999;4;0,0;0,0
1999;5;0,0;0,0
1999;6;0,0;0,0
1999;7;0,0;0,0
1999;8;0,0;0,0
1999;9;0,0;0,0
1999;10;0,0;0,0
1999;11;0,0;0,0
1999;12;0,0;0,0
2000;1;0,0;0,0
2000;2;0,0;0,0
2000;3;0,0;0,0
2000;4;0,0;0,0
2000;5;0,0;0,0
2000;6;0,0;0,0
2000;7;0,0;0,0
2000;8;0,0;0,0
2000;9;0,0;0,0
2000;10;0,0;0,0
2000;11;0,0;0,0
2000;12;0,0;0,0
2001;1;0,0;0,0
2001;2;0,0;0,0
2001;3;0,0;0,0
2001;4;0,0;0,0
2001;5;0,0;0,0
2001;6;0,0;0,0
2001;7;0,0;0,0
2001;8;0,0;0,0
2001;9;0,0;0,0
2001;10;0,0;0,0
2001;11;0,0;0,0
2001;12;0,0;0,0
2002;1;0,0;0,0
2002;2;0,0;0,0
2002;3;0,0;0,0
2002;4;0,0;0,0
2002;5;0,0;0,0
2002;6;0,0;0,0
2002;7;0,0;0,0
2002;8;0,0;0,0
2002;9;0,0;0,0
2002;10;0,0;0,0
2002;11;0,0;0,0
2002;12;0,0;0,0
2003;1;0,0;0,0
2003;2;0,0;0,0
2003;3;0,0;0,0
2003;4;0,0;0,0
2003;5;0,0;0,0
2003;6;0,0;0,0
2003;7;0,0;0,0
2003;8;0,0;0,0
2003;9;0,0;0,0
2003;10;0,0;0,0
2003;11;0,0;0,0
2003;12;0,0;0,0
2004;1;0,0;0,0
2004;2;0,0;0,0
2004;3;0,0;0,0
2004;4;0,0;0,0
2004;5;0,0;0,0
2004;6;0,0;0,0
2004;7;0,0;0,0
2004;8;0,0;0,0
2004;9;0,0;0,0
2004;10;0,0;0,0
2004;11;0,0;0,0
2004;12;0,0;0,0
2005;1;0,0;0,0
2005;2;0,0;0,0
2005;3;0,0;0,0
2005;4;0,0;0,0
2005;5;0,0;0,0
2005;6;0,0;0,0
2005;7;0,0;0,0
2005;8;0,0;0,0
2005;9;0,0;0,0
2005;10;0,0;0,0
2005;11;0,0;1,0
2005;12;0,0;1,0
2006;1;0,0;1,0
2006;2;0,0;1,0
2006;3;0,0;1,0
2006;4;0,0;1,0
2006;5;0,0;1,0
2006;6;0,0;2,0
2006;7;0,0;2,0
2006;8;0,0;2,0
2006;9;0,0;2,0
2006;10;0,0;2,0
2006;11;0,0;2,0
2006;12;0,0;2,0
2007;1;0,0;2,0
2007;2;0,0;2,0
2007;3;215,946;3,0
2007;4;0,0;3,0
2007;5;0,0;3,0
2007;6;0,0;3,0
2007;7;0,0;3,0
2007;8;0,0;3,0
2007;9;0,0;3,0
2007;10;0,0;3,0
2007;11;0,0;3,0
2007;12;0,0;4,0
2008;1;0,0;4,0
2008;2;0,0;4,0
2008;3;0,0;4,0
2008;4;0,0;4,0
2008;5;0,0;4,0
2008;6;340,067;4,0
2008;7;378,469;4,0
2008;8;386,034;4,0
2008;9;382,742;4,0
2008;10;0,0;4,0
2008;11;0,0;4,0
2008;12;0,0;4,0
2009;1;0,0;4,0
2009;2;0,0;4,0
2009;3;0,0;4,0
2009;4;0,0;4,0
2009;5;0,0;4,0
2009;6;357,527;4,0
2009;7;365,809;4,0
2009;8;400,049;4,0
2009;9;395,05;4,0
2009;10;0,0;4,0
2009;11;0,0;4,0
2009;12;0,0;4,0
2010;1;0,0;4,0
2010;2;0,0;4,0
2010;3;0,0;4,0
2010;4;0,0;4,0
2010;5;389,69;4,0
2010;6;352,62;5,0
2010;7;346,578;5,0
2010;8;346,598;5,0
2010;9;368,037;5,0
2010;10;0,0;5,0
2010;11;0,0;5,0
2010;12;0,0;5,0
2011;1;0,0;5,0
2011;2;140,829;6,0
2011;3;282,034;6,0
2011;4;263,212;6,0
2011;5;645,909;6,0
2011;6;544,081;7,0
2011;7;981,038;9,0
2011;8;1012,866;9,0
2011;9;1006,667;10,0
2011;10;706,443;10,0
2011;11;1041,541;12,0
2011;12;1152,343;12,0
2012;1;2055,175;15,0
2012;2;2352,814;18,0
2012;3;2916,438;22,0
2012;4;2676,921;22,0
2012;5;2655,552;22,0
2012;6;2812,574;23,0
2012;7;2783,209;23,0
2012;8;2734,529;25,0
2012;9;2726,767925;28,0
2012;10;3844,3092859999997;31,0
2012;11;4494,82654;39,0
2012;12;4481,2407299999995;39,0
2013;1;5273,582127;43,0
2013;2;5106,352575;47,0
2013;3;6050,56553;50,0
2013;4;6702,4394330000005;52,0
2013;5;7320,362243;56,0
2013;6;7328,263144;57,0
2013;7;7335,496047;58,0
2013;8;7481,854945;59,0
2013;9;7768,36065;61,0
2013;10;7865,925532;61,0
2013;11;7977,721366;62,0
2013;12;7526,752194;64,0
2014;1;7170,155742;68,0
2014;2;8853,354778;69,0
2014;3;8810,432882;70,0
2014;4;9518,967646;70,0
2014;5;9561,743073;72,0
2014;6;8978,039151;72,0
2014;7;9560,155994;74,0
2014;8;9751,826504;74,0
2014;9;10323,880798;75,0
2014;10;10567,984307;78,0
2014;11;10320,038972;78,0
2014;12;8964,158857;79,0
2015;1;9470,994599;82,0
2015;2;10609,471954;82,0
2015;3;9705,078074;84,0
2015;4;11645,28616;84,0
2015;5;11051,026561;84,0
2015;6;10576,701359;84,0
2015;7;11093,185826;88,0
2015;8;11887,448154;88,0
2015;9;11019,477598;88,0
2015;10;11222,026362;88,0
2015;11;11775,660035;88,0
2015;12;11277,065908;91,0
2016;1;11203,046552;101,0
2016;2;13088,580335999999;103,0
2016;3;12437,938149;105,0
2016;4;13039,327;106,0
2016;5;12598,513;111,0
2016;6;14719,822675;122,0
2016;7;17120,033561;146,0
2016;8;19314,727874;161,0
2016;9;22657,360832;181,0
2016;10;25496,032738;192,0
2016;11;28257,994806;202,0
2016;12;30119,480959;220,0
2017;1;30151,499873;228,0
2017;2;31966,682793;240,0
2017;3;34810,74115;246,0
2017;4;34703,184013;251,0
2017;5;34148,593685;255,0
2017;6;33891,627868;262,0
2017;7;35337,224164;271,0
2017;8;35409,045027;276,0
2017;9;37133,056156;276,0
2017;10;39014,425313;278,0
2017;11;39538,165246000004;281,0
2017;12;39832,214925;284,0
2018;1;39539,650357000006;287,0
2018;2;39735,267770000006;290,0
2018;3;41642,657675;293,0
2018;4;40894,837337;297,0
2018;5;39917,898904;303,0
2018;6;38243,697499;312,0
2018;7;39848,698090000005;321,0
2018;8;40141,079712;327,0
2018;9;42012,967620999996;331,0
2018;10;42541,627814;341,0
2018;11;44970,831546;348,0
2018;12;45889,44509;351,0
2019;1;47946,537132;357,0
2019;2;46813,976552;370,0
2019;3;49987,216708;375,0
2019;4;48037,037919999995;379,0
2019;5;48123,836974000005;391,0
2019;6;46018,796514;399,0
2019;7;45199,696898999995;407,0
2019;8;46163,620618;414,0
2019;9;47259,354692;427,0
2019;10;52044,534769;433,0
2019;11;53634,946164999994;442,0
2019;12;55627,876559;456,0
2020;1;59091,330898;465,0
2020;2;57397,425572;470,0
2020;3;59729,991243;483,0
2020;4;53140,680454;487,0
2020;5;52257,408196000004;500,0
2020;6;52190,604845;506,0
2020;7;51912,896034;513,0
2020;8;53223,707751;524,0
2020;9;55740,936905;534,0
2020;10;63786,033114;545,0
2020;11;65907,660235;546,0
2020;12;67542,266014;555,0
2021;1;67297,821756;569,0
2021;2;67756,300707;577,0
2021;3;70923,820686;585,0
2021;4;67785,917609;600,0
2021;5;64146,280746000004;614,0
2021;6;61284,02634;624,0
2021;7;62090,65477;641,0
2021;8;64984,294342;654,0
2021;9;67056,482781;665,0
2021;10;69072,960825;674,0
2021;11;72931,351494;680,0
2021;12;77582,217241;701,0
2022;1;81101,751931;719,0
2022;2;79472,685104;734,0
2022;3;84492,722933;749,0
2022;4;79226,296699;759,0
2022;5;74001,633538;779,0
2022;6;69355,40661;794,0
2022;7;74703,786924;811,0
2022;8;73356,359718;820,0
2022;9;73373,209843;836,0
2022;10;81855,675771;845,0
2022;11;82066,960546;849,0
2022;12;92271,06779;867,0
2023;1;93599,80781;881,0
2023;2;91604,383977;893,0
2023;3;98202,799382;907,0
2023;4;89388,945365;932,0
2023;5;88101,661399;945,0
2023;6;81347,425848;951,0
2023;7;81516,891304;960,0
2023;8;86039,523044;977,0
2023;9;87423,148629;993,0
2023;10;87771,562601;1000,0
2023;11;94612,147086;1012,0
2023;12;104217,753035;1023,0
2024;1;105045,515924;1057,0
2024;2;107485,130664;1092,0
2024;3;110090,46316;1107,0
2024;4;105295,413136;1125,0
2024;5;99562,996153;1159,0
2024;6;97049,003274;1206,0
2024;7;92953,942013;1245,0
2024;8;96998,086755;1277,0
2024;9;102803,540274;1321,0
2024;10;113785,896828;1373,0
2024;11;117622,75558900001;1425,0
2024;12;122884,992981;1465,0
2025;1;133499,665396;1526,0
2025;2;136422,403603;1574,0
2025;3;138881,82256;1624,0
2025;4;124689,569253;1655,0
2025;5;123550,304986;1705,0
2025;6;110320,979312;1744,0
2025;7;112440,29947;1781,0
2025;8;113162,9208838;1819,0
2025;9;117646,292914;1904,0
2025;10;127871,07026712963;1981,0
2025;11;132951,20508201155;2030,0
2025;12;153835,93170101158;2078,0
2026;1;159195,7763475;2170,0
2026;2;155500,87845353334;2205,0
2026;3;169519,2833649;2243,0
