ano,tarifa_celesc_kwh,pld_sul_mwh,pld_sul_kwh,custo_ml_kwh,saving_pct
2010,"0,30807999999999996","106,7","0,1067","0,2167","29,661126980005186"
2011,"0,31258","74,9","0,07490000000000001","0,1899","39,24755262652761"
2012,"0,31339999999999996","141,8","0,1418","0,25980000000000003","17,102744097000617"
2013,"0,28868","282,6","0,2826","0,38260000000000005","-32,53429402798949"
2014,"0,35349","621,2","0,6212000000000001","0,7462000000000001","-111,095080483182"
2015,"0,436585","289,4","0,2894","0,4614","-5,683887444598412"
2016,,"161,3","0,1613","0,3093",
2017,"0,42634000000000005","246,1","0,24609999999999999","0,4011","5,920157620678341"
2018,,"302,7","0,30269999999999997","0,4657",
2019,,"168,4","0,1684","0,33640000000000003",
2020,,"138,2","0,1382","0,3112",
2021,,"548,3","0,5483","0,7303",
2022,,"195,8","0,1958","0,39080000000000004",
2023,,"107,5","0,1075","0,3075",
2024,,"94,8","0,0948","0,29979999999999996",
2025,,"131,2","0,13119999999999998","0,34619999999999995",
2026,"0,5553950000000001","155,0","0,155","0,38","31,580226685512123"
